"numMicroClusters","numMacroClusters","numClasses","SSQ","silhouette","precision","recall","F1","purity","cRand"
50,4,4,236.695392561626,0.368987873929388,0.782542113323124,0.692411924119241,0.734723220704529,0.711904761904762,0.631580093888532
50,4,4,231.390394494635,0.249791143038339,0.795152462861611,0.691366417403127,0.739636363636364,0.856944444444444,0.640171124306348
50,4,4,203.560191417696,0.404243400294106,0.779683377308707,0.690824079485681,0.732568949488689,0.80741935483871,0.603941183200509
50,4,4,196.812291999537,0.44459773579686,0.887131560028756,0.73715651135006,0.805220228384992,0.783957219251337,0.718950130874143
50,4,4,213.095114205045,0.242120159964907,0.836180124223602,0.711830799735625,0.769011067475902,0.886839549339549,0.678689519960046
