"numMicroClusters","numMacroClusters","numClasses","SSQ","silhouette","precision","recall","F1","purity","cRand"
100,4,4,211.24959483196,0.498665612078134,0.952112676056338,0.915989159891599,0.933701657458564,0.938768063056488,0.906303236797274
100,4,4,207.569062215639,0.442029485364529,0.780314960629921,0.673691366417403,0.723093761400948,0.84672619047619,0.617860147015596
100,4,4,206.716818041309,0.372023361255605,0.90915860014892,0.713617767387493,0.799607072691552,0.933551198257081,0.712076752160375
100,4,4,192.660564621703,0.495133265544485,0.878491620111732,0.751493428912784,0.810045074050225,0.863196033562166,0.723969799148687
100,4,4,185.518687224152,0.46085019959106,0.736329588014981,0.649702577660278,0.690308988764045,0.84741568914956,0.565922872491149
