"numMicroClusters","numMacroClusters","numClasses","SSQ","silhouette","precision","recall","F1","purity","cRand"
99,4,4,211.89370165211,0.498665612078134,0.952112676056338,0.915989159891599,0.933701657458564,0.938768063056488,0.906303236797274
99,4,4,210.471997615025,0.433633463767332,0.76517571884984,0.6512576478586,0.703635695923614,0.830326797385621,0.592193980357851
100,4,4,204.656112151006,0.332956826246553,0.668003207698476,0.486849795441262,0.563218390804598,0.814064558629776,0.38356794198595
100,4,4,189.994462746939,0.495133265544485,0.878491620111732,0.751493428912784,0.810045074050225,0.863196033562166,0.723969799148687
100,4,4,185.953456953671,0.462144800147151,0.738576779026217,0.651685393258427,0.692415730337079,0.845063538611926,0.568875778120461
