"numMicroClusters","numMacroClusters","numClasses","SSQ","silhouette","precision","recall","F1","purity","cRand"
200,4,4,236.453507565527,0.435950033940029,0.797376093294461,0.741192411924119,0.768258426966292,0.786321070234114,0.674843064751913
200,4,4,209.624576454509,0.43582071427088,0.779005524861878,0.670972127804215,0.720964207450694,0.843194444444444,0.615106925938056
200,4,4,204.763100415075,0.407797651793037,0.783819628647215,0.690824079485681,0.734389561975769,0.80632183908046,0.607167434247593
200,4,4,192.24479485216,0.495133265544485,0.878491620111732,0.751493428912784,0.810045074050225,0.863196033562166,0.723969799148687
200,4,4,186.687344048568,0.46085019959106,0.736329588014981,0.649702577660278,0.690308988764045,0.84741568914956,0.565922872491149
