"numMicroClusters","numMacroClusters","numClasses","SSQ","silhouette","precision","recall","F1","purity","cRand"
50,4,4,222.756262565849,0.469571828047373,0.809052333804809,0.775067750677507,0.791695501730104,0.807440476190476,0.705873992189804
50,4,4,290.2189739392,0.420415377587643,0.674570243034973,0.773623385452073,0.720709309689677,0.893382352941176,0.590784319275775
50,4,4,206.512788414045,0.353271254120798,0.872755659640906,0.653419053185272,0.747326203208556,0.899038461538462,0.641098559503005
50,4,4,194.575250940805,0.500527215806658,0.940942269409423,0.847072879330944,0.891543539767369,0.848684210526316,0.840404862794441
50,4,4,248.653179172572,0.470359291232436,0.667949422759758,0.803040317250496,0.729291716686675,0.877447552447552,0.593697612890439
