"numMicroClusters","numMacroClusters","numClasses","SSQ","silhouette","precision","recall","F1","purity","cRand"
100,4,4,241.404935058517,0.442239151152977,0.774839170836312,0.734417344173442,0.754086956521739,0.776865942028986,0.65354809164114
100,4,4,222.292866975371,0.424665333433668,0.779794790844515,0.671651937457512,0.721694667640614,0.84451871657754,0.616114499430365
100,4,4,205.798394463202,0.339417957550643,0.693927125506073,0.500876680303916,0.581805838424983,0.829673838294528,0.411154122085293
100,4,4,204.720366280989,0.494638556406792,0.907608695652174,0.798088410991637,0.849332485696122,0.876050420168067,0.779575147372658
100,4,4,194.613333623015,0.440151343594815,0.793774319066148,0.674157303370786,0.729092208720515,0.865079365079365,0.623347042519894
