"numMicroClusters","numMacroClusters","numClasses","SSQ","silhouette","precision","recall","F1","purity","cRand"
99,4,4,242.035451241195,0.435950033940029,0.797376093294461,0.741192411924119,0.768258426966292,0.786321070234114,0.674843064751913
99,4,4,229.226894729867,0.422565415880927,0.789137380191693,0.671651937457512,0.725670216672787,0.834030501089325,0.622514130517119
100,4,4,206.700718750306,0.342774113057527,0.686942416869424,0.495032144944477,0.575407608695652,0.826058201058201,0.402374507339276
100,4,4,214.674020499649,0.497605311029248,0.887748117727584,0.77479091995221,0.827432216905901,0.879862700228833,0.74800086046421
100,4,4,195.472317891396,0.437174486593992,0.779331779331779,0.662921348314607,0.716428571428571,0.86311102690413,0.605610856132404
