"numMicroClusters","numMacroClusters","numClasses","SSQ","silhouette","precision","recall","F1","purity","cRand"
100,4,4,229.916345681612,0.442239151152977,0.774839170836312,0.734417344173442,0.754086956521739,0.776865942028986,0.65354809164114
100,4,4,266.795963262343,0.477511468261635,0.683904330963155,0.719238613188307,0.701126573889993,0.885017730496454,0.570179554413022
100,4,4,203.780699803852,0.339561144516978,0.688163265306122,0.492694330800701,0.57425068119891,0.8246336996337,0.401668076876586
100,4,4,194.273139095259,0.500961574202292,0.920053297801466,0.824970131421744,0.86992125984252,0.892543859649123,0.808776658882478
100,4,4,190.935746792023,0.487814002257452,0.991304347826087,0.97951090548579,0.985372340425532,0.982142857142857,0.978988455226984
