"numMicroClusters","numMacroClusters","numClasses","SSQ","silhouette","precision","recall","F1","purity","cRand"
100,4,4,233.482429672363,0.445110334526958,0.778254649499285,0.737127371273713,0.757132915796799,0.775,0.65789070325338
100,4,4,218.961429730781,0.431597053756768,0.776190476190476,0.664853840924541,0.716221164408642,0.839315636299497,0.609005934854197
100,4,4,207.723099066276,0.33780859957343,0.682591093117409,0.492694330800701,0.572301425661915,0.827684448374104,0.397771261223595
100,4,4,220.456830425282,0.439021164258277,0.856801909307876,0.64336917562724,0.734902763561924,0.937815656565657,0.626587886191223
100,4,4,191.246719286376,0.444696857557042,0.783888458559256,0.668869795109055,0.721825962910128,0.868809523809524,0.612863791223589
