"numMicroClusters","numMacroClusters","numClasses","SSQ","silhouette","precision","recall","F1","purity","cRand"
50,4,4,225.367770736643,0.445954409725232,0.791994281629736,0.750677506775068,0.770782608695652,0.782518115942029,0.677069579054472
50,4,4,270.702875734967,0.423142004924297,0.714109673444239,0.787899388171312,0.749191984486102,0.819812925170068,0.635574778040449
50,4,4,207.892024952701,0.353271254120798,0.872755659640906,0.653419053185272,0.747326203208556,0.899038461538462,0.641098559503005
50,4,4,194.424352543978,0.497362418686088,0.927903871829105,0.830346475507766,0.876418663303909,0.891666666666667,0.81841825115552
50,4,4,191.954822731725,0.476718860703688,0.973378839590444,0.942498347653668,0.957689724647415,0.953125,0.939493655904486
