"numMicroClusters","numMacroClusters","numClasses","SSQ","silhouette","precision","recall","F1","purity","cRand"
153,4,4,308.044864060296,0.566013043488085,0.703140830800405,0.940379403794038,0.80463768115942,0.818055555555556,0.703446642795201
163,4,4,296.297804400871,0.376050721946711,0.622191967324711,0.621346023113528,0.621768707482993,0.719035947712418,0.461998697709223
162,4,4,220.084650971095,0.403448734062383,0.880832735104092,0.717124488603156,0.790592783505155,0.787171052631579,0.696403664329926
164,4,4,205.693047775537,0.516600129693311,0.975077881619938,0.934886499402628,0.954559316864898,0.93796992481203,0.932070060262436
163,4,4,192.368527084548,0.451313870810133,0.774865073245952,0.66424322538004,0.715302491103203,0.865543394777266,0.603396289832383
