"numMicroClusters","numMacroClusters","numClasses","SSQ","silhouette","precision","recall","F1","purity","cRand"
100,4,4,215.091217274311,0.484079193370234,0.875338753387534,0.875338753387534,0.875338753387534,0.896809535630288,0.822373871407108
100,4,4,206.220904952836,0.437505177627959,0.781200631911532,0.672331747110809,0.722689075630252,0.84375,0.617547700033532
100,4,4,203.975049829127,0.40685631582263,0.806048652202498,0.716540035067212,0.758663366336634,0.811737400530504,0.642285967770716
100,4,4,192.242453641994,0.495133265544485,0.878491620111732,0.751493428912784,0.810045074050225,0.863196033562166,0.723969799148687
100,4,4,197.658300959457,0.497852967782626,0.952380952380952,0.964970257766028,0.958634274458306,0.964015151515151,0.940251993468241
