"numMicroClusters","numMacroClusters","numClasses","SSQ","silhouette","precision","recall","F1","purity","cRand"
100,4,4,280.60283237763,0.422228315060282,0.788752703677001,0.741192411924119,0.764233321690534,0.788324175824176,0.668442120041368
100,4,4,224.026337336715,0.417639953579238,0.782282282282282,0.708361658735554,0.743489118801284,0.867294923966588,0.642525903199504
100,4,4,221.571700907273,0.398035347101039,0.817301484828922,0.739918176504968,0.776687116564417,0.802272727272727,0.667451742390084
100,4,4,206.658669310646,0.493957437230231,0.881621975147155,0.805256869772999,0.841710896034967,0.875236406619385,0.766234484793714
100,4,4,188.101765828324,0.448192689311013,0.757066462948816,0.654990085922009,0.702338766832034,0.854623397435897,0.584526811210302
