"numMicroClusters","numMacroClusters","numClasses","SSQ","silhouette","precision","recall","F1","purity","cRand"
100,4,4,263.571449760792,0.424915902932718,0.775482093663912,0.762872628726287,0.769125683060109,0.797400211669168,0.672175667287399
100,4,4,237.302562166198,0.41145530602744,0.749811035525321,0.6743711760707,0.710093056549749,0.841483516483516,0.596549981616082
100,4,4,229.660138415005,0.33275755826345,0.787290969899666,0.687901811805961,0.734248284466625,0.750700280112045,0.607822715856055
100,4,4,200.546116665728,0.49412148609297,0.893521488133419,0.832138590203106,0.861738323538509,0.888419117647059,0.794817568323204
100,4,4,256.068758007129,0.477719720360843,0.666666666666667,0.814276272306675,0.733115144302291,0.885573122529644,0.597991000735
