"numMicroClusters","numMacroClusters","numClasses","SSQ","silhouette","precision","recall","F1","purity","cRand"
100,4,4,304.746693698954,0.46173385962887,0.797579018157364,0.803523035230352,0.800539993250085,0.832596544715447,0.715346339566728
100,4,4,402.14340426517,0.308902657429573,0.605577689243028,0.516655336505778,0.557593543653705,0.735079887218045,0.390939540824915
100,4,4,262.286808035758,0.338762620651625,0.678885630498534,0.541203974284044,0.602276422764228,0.802329478800067,0.426373378971923
100,4,4,413.616261694277,0.500555890350843,0.921658986175115,0.836320191158901,0.876918258690886,0.89884684281236,0.818526348311871
100,4,4,329.343136235185,0.44735061276784,0.94953802416489,0.883013879709187,0.915068493150685,0.930555555555556,0.879604778854692
