"numMicroClusters","numMacroClusters","numClasses","SSQ","silhouette","precision","recall","F1","purity","cRand"
500,4,4,336.460355218868,0.435254419011235,0.702702702702703,0.81029810298103,0.752674638137193,0.868990384615385,0.636613978635625
500,4,4,209.383807913904,0.435589951437108,0.780314960629921,0.673691366417403,0.723093761400948,0.842261904761905,0.617860147015596
500,4,4,202.93557744564,0.407982017510147,0.785572468563865,0.6937463471654,0.736809435133457,0.805128205128205,0.610549311400785
500,4,4,210.746663042145,0.50487756686973,0.941897998708844,0.871565113500597,0.905367669872789,0.945652173913043,0.859790274668971
500,4,4,243.090967433603,0.483749421774238,0.675013609145346,0.819563780568407,0.740298507462687,0.897348484848485,0.60934303772459
