"numMicroClusters","numMacroClusters","numClasses","SSQ","silhouette","precision","recall","F1","purity","cRand"
143,3,3,1.28448464730858,0.581451657164491,0.865979381443299,0.865979381443299,0.865979381443299,0.929945233454005,0.799029972173381
249,3,3,1.0914845841179,0.604990631837766,0.944547134935305,0.938763012859767,0.941646191646192,0.968393613554904,0.913049362999911
272,3,3,1.33367063551835,0.555757055113904,0.922419059254734,0.914597213809812,0.918491484184915,0.960925039872408,0.877960219042364
306,3,3,1.13690797682792,0.588226891991242,0.888202594193947,0.887106724244294,0.887654320987654,0.939655483405483,0.832999697289939
294,3,3,1.14052537013953,0.595376970242308,0.92,0.92398022249691,0.921985815602837,0.961904761904762,0.883980971526771
