"numMicroClusters","numMacroClusters","numClasses","SSQ","silhouette","precision","recall","F1","purity","cRand"
143,3,3,1.27777663670787,0.576086777933538,0.868662186927306,0.862340812613705,0.865489957395009,0.929100441804616,0.798663350656316
249,3,3,1.08000858870212,0.597954670817528,0.902020820575628,0.902020820575628,0.902020820575628,0.950198075834748,0.853784462420669
272,3,3,1.31633602070086,0.555757055113904,0.922419059254734,0.914597213809812,0.918491484184915,0.960925039872408,0.877960219042364
306,3,3,1.13143947726215,0.592833609999598,0.922887106724244,0.922887106724244,0.922887106724244,0.959166892563477,0.88533829326675
294,3,3,1.13797864810625,0.595376970242308,0.92,0.92398022249691,0.921985815602837,0.961904761904762,0.883980971526771
