"numMicroClusters","numMacroClusters","numClasses","SSQ","silhouette","precision","recall","F1","purity","cRand"
100,3,3,1.27582202650314,0.580579808608681,0.868662186927306,0.862340812613705,0.865489957395009,0.929100441804616,0.798663350656316
100,3,3,1.03874214698507,0.604990631837766,0.944547134935305,0.938763012859767,0.941646191646192,0.968393613554904,0.913049362999911
100,3,3,1.26759236784936,0.551312328118712,0.904966278356836,0.894003634161115,0.89945155393053,0.953703703703704,0.849590316618138
100,3,3,0.990128790319521,0.599108161059993,0.923409512044472,0.922270203578038,0.922839506172839,0.96017316017316,0.885301989896936
100,3,3,1.10078077167822,0.598726095224421,0.903146206045651,0.904820766378245,0.903982710713183,0.950311737598265,0.857293084010058
