"numMicroClusters","numMacroClusters","numClasses","SSQ","silhouette","precision","recall","F1","purity","cRand"
100,3,3,1.27014837123694,0.57939623151088,0.8531211750306,0.845360824742268,0.849223271398112,0.918823099415205,0.774418293343772
100,3,3,1.04928701177967,0.604990631837766,0.944547134935305,0.938763012859767,0.941646191646192,0.968393613554904,0.913049362999911
100,3,3,1.268940922737,0.559794961310235,0.922419059254734,0.914597213809812,0.918491484184915,0.960925039872408,0.877960219042364
99,3,3,0.989535668824622,0.599108161059993,0.923409512044472,0.922270203578038,0.922839506172839,0.96017316017316,0.885301989896936
99,3,3,1.10475033267895,0.598726095224421,0.903146206045651,0.904820766378245,0.903982710713183,0.950311737598265,0.857293084010058
