"numMicroClusters","numMacroClusters","numClasses","SSQ","silhouette","precision","recall","F1","purity","cRand"
200,3,3,1.29955986294994,0.581488060250172,0.851400730816078,0.84778653729533,0.849589790337284,0.918362081674775,0.774692431376018
199,3,3,1.05094515404685,0.604990631837766,0.944547134935305,0.938763012859767,0.941646191646192,0.968393613554904,0.913049362999911
200,3,3,1.26929124793603,0.559794961310235,0.922419059254734,0.914597213809812,0.918491484184915,0.960925039872408,0.877960219042364
200,3,3,1.00597262001853,0.59516548873321,0.924551638837353,0.922270203578038,0.923409512044472,0.95959595959596,0.886183538223362
200,3,3,1.1250970026493,0.598726095224421,0.903146206045651,0.904820766378245,0.903982710713183,0.950311737598265,0.857293084010058
