"numMicroClusters","numMacroClusters","numClasses","SSQ","silhouette","precision","recall","F1","purity","cRand"
100,3,3,1.25585005561323,0.580579808608681,0.868662186927306,0.862340812613705,0.865489957395009,0.929100441804616,0.798663350656316
100,3,3,1.03407628355379,0.604990631837766,0.944547134935305,0.938763012859767,0.941646191646192,0.968393613554904,0.913049362999911
100,3,3,1.25379338835773,0.551608297006276,0.867440439828955,0.860084797092671,0.86374695863747,0.93859649122807,0.795993201981265
100,3,3,0.980890643613495,0.600301323438382,0.941939468807906,0.94077729796422,0.941358024691358,0.969642857142857,0.912829512321671
100,3,3,1.09682560741798,0.598726095224421,0.903146206045651,0.904820766378245,0.903982710713183,0.950311737598265,0.857293084010058
