"numMicroClusters","numMacroClusters","numClasses","SSQ","silhouette","precision","recall","F1","purity","cRand"
200,3,3,2.56835098659954,0.401285673663752,0.561106155218555,0.762886597938144,0.646620406065279,0.792338709677419,0.426423527266298
200,3,3,2.36341836796421,0.357250189207562,0.530509133307423,0.835884874464176,0.6490727532097,0.797791580400276,0.411562978353746
200,3,3,1.279580514844,0.562940593147585,0.940889701401584,0.93519079345851,0.938031591737546,0.969589192169837,0.907160347814958
200,3,3,0.994914610199602,0.600301323438382,0.941939468807906,0.94077729796422,0.941358024691358,0.969642857142857,0.912829512321671
200,3,3,1.12365661210449,0.598726095224421,0.903146206045651,0.904820766378245,0.903982710713183,0.950311737598265,0.857293084010058
