"numMicroClusters","numMacroClusters","numClasses","SSQ","silhouette","precision","recall","F1","purity","cRand"
50,3,3,1.27534629632464,0.568279329718508,0.858020897357099,0.846573681018799,0.852258852258852,0.9178018744551,0.779196144199535
50,3,3,1.04624027715576,0.607313817253073,0.964351567301782,0.960808328230251,0.962576687116564,0.978494623655914,0.944203285935846
50,3,3,1.26897197119937,0.54406484147811,0.845173041894353,0.843125378558449,0.844147968465737,0.931623931623932,0.766292944808099
50,3,3,2.13058170047703,0.450243132340482,0.562423749491663,0.853177051202961,0.677941176470588,0.8338081671415,0.467904000041885
50,3,3,1.23370075890221,0.579602599020227,0.88034188034188,0.891223733003708,0.885749385749386,0.944444444444444,0.829762166263954
