"numMicroClusters","numMacroClusters","numClasses","SSQ","silhouette","precision","recall","F1","purity","cRand"
50,3,3,1.28811574140644,0.563103790449553,0.827501534683855,0.81746513038205,0.822452715070165,0.9001638001638,0.7345687509225
50,3,3,1.04729646202006,0.607313817253073,0.964351567301782,0.960808328230251,0.962576687116564,0.978494623655914,0.944203285935846
50,3,3,1.30857057470126,0.550447016140131,0.849449204406365,0.840702604482132,0.845053272450533,0.927485380116959,0.768110022362972
50,3,3,1.00941384202188,0.599108161059993,0.923409512044472,0.922270203578038,0.922839506172839,0.96017316017316,0.885301989896936
50,3,3,2.47331753140359,0.350566096859742,0.547721410146174,0.787391841779975,0.64604462474645,0.791666666666667,0.423951455268249
