"numMicroClusters","numMacroClusters","numClasses","SSQ","silhouette","precision","recall","F1","purity","cRand"
100,3,3,1.3863252001103,0.58170902016465,0.894236482471777,0.912674348089751,0.903361344537815,0.956340956340956,0.854343459930881
100,3,3,1.07001681036717,0.607313817253073,0.964351567301782,0.960808328230251,0.962576687116564,0.978494623655914,0.944203285935846
100,3,3,1.26838195526296,0.546393446937585,0.88346552776083,0.877044215626893,0.880243161094225,0.945945945945946,0.82063769218474
100,3,3,1.4524768094567,0.581321230399416,0.902033271719039,0.903146206045651,0.902589395807645,0.953703703703704,0.855113461109885
100,3,3,1.15711488031295,0.598726095224421,0.903146206045651,0.904820766378245,0.903982710713183,0.950311737598265,0.857293084010058
