"numMicroClusters","numMacroClusters","numClasses","SSQ","silhouette","precision","recall","F1","purity","cRand"
100,3,3,1.47391035178412,0.568408923918235,0.886610373944511,0.891449363250455,0.889023283943151,0.938783925626031,0.833358803680132
100,3,3,1.04377624501687,0.607313817253073,0.964351567301782,0.960808328230251,0.962576687116564,0.978494623655914,0.944203285935846
100,3,3,2.76103209528878,0.533154052998408,0.565614035087719,0.976377952755906,0.716285269940013,0.761904761904762,0.5088175301591
100,3,3,1.05357260026267,0.591297845159041,0.92350400987045,0.92350400987045,0.92350400987045,0.961904761904762,0.886255586920616
99,3,3,1.14447279401431,0.598726095224421,0.903146206045651,0.904820766378245,0.903982710713183,0.950311737598265,0.857293084010058
