"numMicroClusters","numMacroClusters","numClasses","SSQ","silhouette","precision","recall","F1","purity","cRand"
100,3,3,1.32903008415298,0.583390981933373,0.914919113241462,0.926015767131595,0.920433996383363,0.964438122332859,0.880326799049574
100,3,3,1.15448484592236,0.607313817253073,0.964351567301782,0.960808328230251,0.962576687116564,0.978494623655914,0.944203285935846
100,3,3,1.27005958569662,0.547196603284981,0.845173041894353,0.843125378558449,0.844147968465737,0.931623931623932,0.766292944808099
100,3,3,1.30657630654588,0.592044605617919,0.906674907292954,0.904996915484269,0.90583513430071,0.950367647058823,0.860046272099896
100,3,3,2.64496761967889,0.533612236230728,0.592523364485981,0.979604449938195,0.738411367342185,0.73956043956044,0.558612995819454
