"numMicroClusters","numMacroClusters","numClasses","SSQ","silhouette","precision","recall","F1","purity","cRand"
100,3,3,1.45104695710485,0.541705170478924,0.809465273509527,0.798665858095816,0.804029304029304,0.88963963963964,0.707115546644838
100,3,3,1.15200231882318,0.607313817253073,0.964351567301782,0.960808328230251,0.962576687116564,0.978494623655914,0.944203285935846
100,3,3,2.53662280496164,0.370576621355758,0.536826119969628,0.856450635978195,0.65997666277713,0.824603174603175,0.423640416638896
100,3,3,1.80212112875776,0.582227771446712,0.88682745825603,0.88463911165947,0.885731933292156,0.94058229352347,0.83019318202679
100,3,3,2.63961054122454,0.533612236230728,0.592523364485981,0.979604449938195,0.738411367342185,0.73956043956044,0.558612995819454
