"numMicroClusters","numMacroClusters","numClasses","SSQ","silhouette","precision","recall","F1","purity","cRand"
164,3,3,1.46945628474772,0.583390981933373,0.914919113241462,0.926015767131595,0.920433996383363,0.964438122332859,0.880326799049574
164,3,3,1.08085449895962,0.602731468528695,0.941824862216779,0.941824862216779,0.941824862216779,0.969722693831353,0.913184524562272
159,3,3,1.29248075111088,0.548474512482006,0.831011508176863,0.831011508176863,0.831011508176863,0.925,0.746440426030758
118,3,3,1.11093988802392,0.581358615271728,0.871463714637146,0.874151758173967,0.872805666769325,0.933333333333333,0.810728627430503
165,3,3,1.20563281403438,0.58920533051034,0.900674432863274,0.907911001236094,0.904278239458295,0.953439153439153,0.857519468035659
