"numMicroClusters","numMacroClusters","numClasses","SSQ","silhouette","precision","recall","F1","purity","cRand"
100,3,3,1.3329792439285,0.576206575396246,0.889161053276179,0.880533656761674,0.884826325411335,0.937695301792665,0.82771140228057
100,3,3,1.07859956724817,0.600385475507568,0.923171481253841,0.919779546846295,0.921472392638037,0.959068947980238,0.882918370488334
100,3,3,1.32121708966761,0.552645500575265,0.944137507673419,0.931556632344034,0.93780487804878,0.968686868686869,0.906991241260741
100,3,3,1.17167867062428,0.589469578208019,0.92350400987045,0.92350400987045,0.92350400987045,0.959447004608295,0.886255586920616
100,3,3,1.20253382362027,0.598726095224421,0.903146206045651,0.904820766378245,0.903982710713183,0.950311737598265,0.857293084010058
