"numMicroClusters","numMacroClusters","numClasses","SSQ","silhouette","precision","recall","F1","purity","cRand"
50,3,3,1.27419622182549,0.576206575396246,0.889161053276179,0.880533656761674,0.884826325411335,0.937695301792665,0.82771140228057
50,3,3,1.05069543720631,0.607313817253073,0.964351567301782,0.960808328230251,0.962576687116564,0.978494623655914,0.944203285935846
50,3,3,1.30723385621808,0.552392864179388,0.9210686095932,0.918837068443368,0.919951485748939,0.961149961149961,0.879963691496767
50,3,3,1.01845979367243,0.599108161059993,0.923409512044472,0.922270203578038,0.922839506172839,0.96017316017316,0.885301989896936
50,3,3,1.19852972154548,0.595929390590409,0.918819188191882,0.92336217552534,0.921085080147966,0.961873638344227,0.882623889595319
