"numMicroClusters","numMacroClusters","numClasses","SSQ","silhouette","precision","recall","F1","purity","cRand"
500,3,3,1.34023580655163,0.581099987209507,0.900422450211225,0.904790782292298,0.902601330913491,0.951143451143451,0.853769488456514
500,3,3,1.06481628353371,0.607313817253073,0.964351567301782,0.960808328230251,0.962576687116564,0.978494623655914,0.944203285935846
500,3,3,1.30177363305913,0.559403832661457,0.940353012781497,0.935796486977589,0.938069216757741,0.970619658119658,0.907188472473726
500,3,3,1.07128731239265,0.588238809369793,0.906674907292954,0.904996915484269,0.90583513430071,0.949142156862745,0.860046272099896
500,3,3,1.11423631354698,0.598726095224421,0.903146206045651,0.904820766378245,0.903982710713183,0.950311737598265,0.857293084010058
