"numMicroClusters","numMacroClusters","numClasses","SSQ","silhouette","precision","recall","F1","purity","cRand"
492,3,3,1.27244843796968,0.580579808608681,0.868662186927306,0.862340812613705,0.865489957395009,0.929100441804616,0.798663350656316
500,3,3,1.08012501117284,0.597954670817528,0.902020820575628,0.902020820575628,0.902020820575628,0.950198075834748,0.853784462420669
500,3,3,1.28001329115798,0.559794961310235,0.922419059254734,0.914597213809812,0.918491484184915,0.960925039872408,0.877960219042364
500,3,3,1.07215367141708,0.600301323438382,0.941939468807906,0.94077729796422,0.941358024691358,0.969642857142857,0.912829512321671
500,3,3,1.13992063449555,0.598726095224421,0.903146206045651,0.904820766378245,0.903982710713183,0.950311737598265,0.857293084010058
