"numMicroClusters","numMacroClusters","numClasses","SSQ","silhouette","precision","recall","F1","purity","cRand"
100,3,3,1.33713484211634,0.579389883289144,0.900422450211225,0.904790782292298,0.902601330913491,0.951143451143451,0.853769488456514
100,3,3,1.05550136892973,0.600781994573643,0.923171481253841,0.919779546846295,0.921472392638037,0.959068947980238,0.882918370488334
100,3,3,1.28785171457314,0.552939323083066,0.902557856272838,0.897637795275591,0.900091102338293,0.952012383900929,0.850295988423368
100,3,3,1.00946367131769,0.595035901806504,0.904438964241677,0.904996915484269,0.904717853839038,0.950231481481482,0.858300555310262
100,3,3,1.11828444210838,0.590258583445408,0.921556516368129,0.9221260815822,0.921841210997838,0.959857503607504,0.883870332395963
