"numMicroClusters","numMacroClusters","numClasses","SSQ","silhouette","precision","recall","F1","purity","cRand"
50,3,3,1.27061979977146,0.568279329718508,0.858020897357099,0.846573681018799,0.852258852258852,0.9178018744551,0.779196144199535
50,3,3,1.04984934170369,0.607313817253073,0.964351567301782,0.960808328230251,0.962576687116564,0.978494623655914,0.944203285935846
50,3,3,1.30688922347677,0.552392864179388,0.9210686095932,0.918837068443368,0.919951485748939,0.961149961149961,0.879963691496767
50,3,3,2.11799922015381,0.450243132340482,0.562423749491663,0.853177051202961,0.677941176470588,0.8338081671415,0.467904000041885
50,3,3,1.19827818286499,0.595929390590409,0.918819188191882,0.92336217552534,0.921085080147966,0.961873638344227,0.882623889595319
