"numMicroClusters","numMacroClusters","numClasses","SSQ","silhouette","precision","recall","F1","purity","cRand"
500,3,3,1.3056131018719,0.581488060250172,0.851400730816078,0.84778653729533,0.849589790337284,0.918362081674775,0.774692431376018
500,3,3,1.06324218423791,0.601891896102318,0.946527350952674,0.943049601959584,0.94478527607362,0.96875,0.91767697924961
500,3,3,1.28433342117044,0.562940593147585,0.940889701401584,0.93519079345851,0.938031591737546,0.969589192169837,0.907160347814958
500,3,3,1.11073294886609,0.592833609999598,0.922887106724244,0.922887106724244,0.922887106724244,0.959166892563477,0.88533829326675
500,3,3,1.11885991621423,0.598726095224421,0.903146206045651,0.904820766378245,0.903982710713183,0.950311737598265,0.857293084010058
