"numMicroClusters","numMacroClusters","numClasses","SSQ","silhouette","precision","recall","F1","purity","cRand"
100,3,3,2.29803450909812,0.579115407807477,0.85385975250442,0.878714372346877,0.866108786610879,0.939496176338282,0.797774830079243
100,3,3,1.1683697283341,0.598408417852732,0.897637795275591,0.907532149418249,0.902557856272838,0.953494623655914,0.854192436895426
100,3,3,4.40991662589917,0.305957602637764,0.525801952580195,0.68503937007874,0.594950026301946,0.658730158730159,0.349423390955833
100,3,3,2.43408088306993,0.417780491724558,0.568931267381804,0.883405305367057,0.692121797970034,0.843434343434343,0.488249033148297
100,3,3,2.12707610911233,0.519700319619683,0.7440543601359,0.812113720642769,0.776595744680851,0.890572390572391,0.660910487327682
