"numMicroClusters","numMacroClusters","numClasses","SSQ","silhouette","precision","recall","F1","purity","cRand"
500,3,3,1.28056601736264,0.580579808608681,0.868662186927306,0.862340812613705,0.865489957395009,0.929100441804616,0.798663350656316
500,3,3,1.04247757650394,0.604990631837766,0.944547134935305,0.938763012859767,0.941646191646192,0.968393613554904,0.913049362999911
500,3,3,1.27759919364182,0.559403832661457,0.940353012781497,0.935796486977589,0.938069216757741,0.970619658119658,0.907188472473726
500,3,3,1.09395362744649,0.592833609999598,0.922887106724244,0.922887106724244,0.922887106724244,0.959166892563477,0.88533829326675
500,3,3,1.13131564095487,0.598432088089035,0.921556516368129,0.9221260815822,0.921841210997838,0.959857503607504,0.883870332395963
