"numMicroClusters","numMacroClusters","numClasses","SSQ","precision","purity","cRand"
2,2,4,6.86043417664186,0.273333333333333,0.35,0
1,1,4,11.3993293801777,0.275353535353535,0.34,0
1,1,4,4.93346940646031,0.283838383838384,0.34,0
1,1,4,8.287192868331,0.266868686868687,0.34,0
1,1,4,5.16022515683248,0.291717171717172,0.35,0
