"numMicroClusters","numMacroClusters","numClasses","SSQ","silhouette","precision","recall","F1","purity","cRand"
100,3,4,0.186346766679744,0.61104111430937,0.801413427561837,0.838137472283814,0.819364161849711,0.790229885057471,0.74930641441321
100,3,4,0.313209966712038,0.790098400597986,0.828307692307692,0.987527512839325,0.900937081659973,0.903174603174603,0.858583031314998
100,3,4,0.331112335776054,0.670285016256224,0.847374847374847,0.987900355871886,0.912257640486362,0.923280423280423,0.873648073100849
100,3,4,0.247436133888664,0.390078177065013,0.759223300970874,0.887963663890992,0.818562456385206,0.900735294117647,0.745269826943802
100,3,4,0.340079692711179,0.547577993399724,0.849891225525743,0.811634349030471,0.830322352107687,0.829861111111111,0.762688491525325
