"numMicroClusters","numMacroClusters","numClasses","SSQ","silhouette","precision","recall","F1","purity","cRand"
13,3,4,1.35623081494163,0.274475124235597,0.48018747337026,0.832963784183296,0.609189189189189,0.757172131147541,0.40173109067539
97,3,4,1.30064910473671,0.790098400597986,0.828307692307692,0.987527512839325,0.900937081659973,0.903174603174603,0.858583031314998
69,3,4,1.28607023233973,0.594861339641242,0.749848208864602,0.879003558718861,0.809305373525557,0.8667000333667,0.725087386311911
58,3,4,4.05305521593831,0.723887194579127,0.758026159334126,0.965177895533687,0.849150849150849,0.879616910866911,0.784824037141904
34,3,4,3.30722518714256,0.320236319086574,0.572545188080117,0.811634349030471,0.671440847894586,0.736691236691237,0.500589952390394
