"numMicroClusters","numMacroClusters","numClasses","SSQ","silhouette","precision","recall","F1","purity","cRand"
13,3,4,2.21344970269634,0.274475124235597,0.48018747337026,0.832963784183296,0.609189189189189,0.757172131147541,0.40173109067539
97,3,4,1.29342575366391,0.790098400597986,0.828307692307692,0.987527512839325,0.900937081659973,0.903174603174603,0.858583031314998
69,3,4,1.27445860466235,0.623643084623369,0.78295524218271,0.908896797153025,0.841238471673254,0.882302499543879,0.771576884450014
58,3,4,3.90980300994795,0.723887194579127,0.758026159334126,0.965177895533687,0.849150849150849,0.879616910866911,0.784824037141904
34,3,4,3.30051689501575,0.320236319086574,0.572545188080117,0.811634349030471,0.671440847894586,0.736691236691237,0.500589952390394
