"numMicroClusters","numMacroClusters","numClasses","SSQ","silhouette","precision","recall","F1","purity","cRand"
100,3,4,0.124990754828894,0.753126042284134,0.803549571603427,0.970436067997044,0.879142952795447,0.887573099415205,0.827581815055626
100,3,4,0.158548961963417,0.790098400597986,0.828307692307692,0.987527512839325,0.900937081659973,0.903174603174603,0.858583031314998
100,3,4,0.136452972272408,0.67266643631597,0.849172286940527,0.98576512455516,0.912384716732543,0.920397737639117,0.873940770256647
97,3,4,0.132939265639992,0.762863087317129,0.765880217785844,0.958364875094625,0.85137861466039,0.871208312384783,0.788691871431477
88,3,4,0.161254920653417,0.726992359221975,0.868245294474803,0.990304709141274,0.925266903914591,0.930013346680013,0.89155355402178
