"numMicroClusters","numMacroClusters","numClasses","SSQ","silhouette","precision","recall","F1","purity","cRand"
98,3,4,0.193909355681697,0.753126042284134,0.803549571603427,0.970436067997044,0.879142952795447,0.887573099415205,0.827581815055626
90,3,4,0.177519035630152,0.790098400597986,0.828307692307692,0.987527512839325,0.900937081659973,0.903174603174603,0.858583031314998
92,3,4,0.176272422150932,0.6772343964258,0.85335797905114,0.98576512455516,0.914795244385733,0.918268708591289,0.877531293243076
96,3,4,1.31025504371615,0.693165875666388,0.482588947766843,0.965177895533687,0.643451930355791,0.807133838383838,0.446504407880357
97,3,4,1.17702885228595,0.622043291761233,0.566217287866772,0.988919667590028,0.720121028744327,0.827060931899642,0.555035064322113
