"numMicroClusters","numMacroClusters","numClasses","SSQ","silhouette","precision","recall","F1","purity","cRand"
99,3,4,1.34589850848665,0.682495413527741,0.489021213248977,0.971175166297118,0.650495049504951,0.803752535496957,0.450820139706378
100,3,4,0.199573596467571,0.790098400597986,0.828307692307692,0.987527512839325,0.900937081659973,0.903174603174603,0.858583031314998
100,3,4,0.176350663875887,0.6772343964258,0.85335797905114,0.98576512455516,0.914795244385733,0.918268708591289,0.877531293243076
100,3,4,1.30914108257765,0.693165875666388,0.482588947766843,0.965177895533687,0.643451930355791,0.807133838383838,0.446504407880357
100,3,4,0.1675020399065,0.726992359221975,0.868245294474803,0.990304709141274,0.925266903914591,0.930013346680013,0.89155355402178
