"numMicroClusters","numMacroClusters","numClasses","SSQ","silhouette","precision","recall","F1","purity","cRand"
98,3,4,0.171935889400473,0.753126042284134,0.803549571603427,0.970436067997044,0.879142952795447,0.887573099415205,0.827581815055626
100,3,4,1.63881501313398,0.666589691442153,0.521756174049392,0.976522377109318,0.680122636688809,0.798014888337469,0.501025500725668
95,3,4,0.139254740377044,0.670285016256224,0.847374847374847,0.987900355871886,0.912257640486362,0.923280423280423,0.873648073100849
99,3,4,1.31451812357689,0.693165875666388,0.482588947766843,0.965177895533687,0.643451930355791,0.807133838383838,0.446504407880357
94,3,4,0.16711955322807,0.726992359221975,0.868245294474803,0.990304709141274,0.925266903914591,0.930013346680013,0.89155355402178
