"numMicroClusters","numMacroClusters","numClasses","SSQ","silhouette","precision","recall","F1","purity","cRand"
39,3,4,0.126944397777415,0.753126042284134,0.803549571603427,0.970436067997044,0.879142952795447,0.887573099415205,0.827581815055626
49,3,4,0.169905140999966,0.790098400597986,0.828307692307692,0.987527512839325,0.900937081659973,0.903174603174603,0.858583031314998
48,3,4,0.155145806307166,0.6772343964258,0.85335797905114,0.98576512455516,0.914795244385733,0.918268708591289,0.877531293243076
42,3,4,0.138220295454628,0.762863087317129,0.765880217785844,0.958364875094625,0.85137861466039,0.871208312384783,0.788691871431477
35,3,4,0.16430958705988,0.723722693628964,0.867030965391621,0.988919667590028,0.923972824328696,0.929512846179513,0.88967569348536
