"numMicroClusters","numMacroClusters","numClasses","SSQ","silhouette","precision","recall","F1","purity","cRand"
50,3,4,0.12654526736304,0.753126042284134,0.803549571603427,0.970436067997044,0.879142952795447,0.887573099415205,0.827581815055626
46,3,4,0.17017672174606,0.790098400597986,0.828307692307692,0.987527512839325,0.900937081659973,0.903174603174603,0.858583031314998
46,3,4,0.927813999640473,0.607319211842518,0.543823889115369,0.949466192170819,0.691550025920166,0.799072866869477,0.517337106906901
44,3,4,0.151798241415899,0.762863087317129,0.765880217785844,0.958364875094625,0.85137861466039,0.871208312384783,0.788691871431477
41,3,4,0.169364990979185,0.730986749791048,0.873703477730323,0.991689750692521,0.928965293545248,0.928249678249678,0.897026032404147
