"numMicroClusters","numMacroClusters","numClasses","SSQ","silhouette","precision","recall","F1","purity","cRand"
96,3,4,1.26825677007013,0.670592300417764,0.502870264064294,0.971175166297118,0.662632375189107,0.789670902574128,0.472721827267139
99,3,4,0.185646156859525,0.790098400597986,0.828307692307692,0.987527512839325,0.900937081659973,0.903174603174603,0.858583031314998
91,3,4,0.190562168476553,0.6772343964258,0.85335797905114,0.98576512455516,0.914795244385733,0.918268708591289,0.877531293243076
99,3,4,0.145831679096106,0.762863087317129,0.765880217785844,0.958364875094625,0.85137861466039,0.871208312384783,0.788691871431477
100,3,4,0.167549953234801,0.726992359221975,0.868245294474803,0.990304709141274,0.925266903914591,0.930013346680013,0.89155355402178
