"numMicroClusters","numMacroClusters","numClasses","SSQ","silhouette","precision","recall","F1","purity","cRand"
69,3,4,0.122766822279732,0.753126042284134,0.803549571603427,0.970436067997044,0.879142952795447,0.887573099415205,0.827581815055626
41,3,4,1.63764456070711,0.676837364276326,0.511690302798007,0.979457079970653,0.672205438066465,0.78041958041958,0.486432114834445
47,3,4,0.231799056747385,0.670285016256224,0.847374847374847,0.987900355871886,0.912257640486362,0.923280423280423,0.873648073100849
97,3,4,0.237568374324983,0.762863087317129,0.765880217785844,0.958364875094625,0.85137861466039,0.871208312384783,0.788691871431477
40,3,4,0.173824231308162,0.726992359221975,0.868245294474803,0.990304709141274,0.925266903914591,0.930013346680013,0.89155355402178
