"numMicroClusters","numMacroClusters","numClasses","SSQ","silhouette","precision","recall","F1","purity","cRand"
100,3,4,0.175977583940292,0.753126042284134,0.803549571603427,0.970436067997044,0.879142952795447,0.887573099415205,0.827581815055626
100,3,4,1.64188667293843,0.720349320182222,0.503551401869159,0.988261188554659,0.667161961367013,0.647252747252747,0.475994502227071
99,3,4,0.168698964699436,0.6772343964258,0.85335797905114,0.98576512455516,0.914795244385733,0.918268708591289,0.877531293243076
100,3,4,1.31404263389273,0.667181302988941,0.487159831353009,0.962149886449659,0.646819338422392,0.800621600621601,0.453000440586784
99,3,4,0.168113396726784,0.726992359221975,0.868245294474803,0.990304709141274,0.925266903914591,0.930013346680013,0.89155355402178
