"numMicroClusters","numMacroClusters","numClasses","SSQ","silhouette","precision","recall","F1","purity","cRand"
92,3,4,0.12170857155592,0.752077477237819,0.807243707796194,0.971914264597191,0.881958417169685,0.887032487032487,0.83169812764167
40,3,4,0.200624326059958,0.790098400597986,0.828307692307692,0.987527512839325,0.900937081659973,0.903174603174603,0.858583031314998
46,3,4,0.215171784909894,0.670285016256224,0.847374847374847,0.987900355871886,0.912257640486362,0.923280423280423,0.873648073100849
93,3,4,0.237861432287773,0.762863087317129,0.765880217785844,0.958364875094625,0.85137861466039,0.871208312384783,0.788691871431477
30,3,4,0.188213576015661,0.726992359221975,0.868245294474803,0.990304709141274,0.925266903914591,0.930013346680013,0.89155355402178
