"numMicroClusters","numMacroClusters","numClasses","SSQ","silhouette","precision","recall","F1","purity","cRand"
96,3,4,0.131542821628397,0.753126042284134,0.803549571603427,0.970436067997044,0.879142952795447,0.887573099415205,0.827581815055626
95,3,4,2.78213768882627,0.590721369991828,0.507722772277228,0.94057226705796,0.659465020576132,0.652136752136752,0.469862365469628
26,3,4,1.08771435010249,0.56076550206716,0.519332519332519,0.908185053380783,0.660797514241326,0.784461152882206,0.469037635319867
46,3,4,1.48714153622175,0.731260312330806,0.473392461197339,0.969719909159728,0.636205612118202,0.684046345811052,0.432765625725983
95,3,4,0.161921118798093,0.726992359221975,0.868245294474803,0.990304709141274,0.925266903914591,0.930013346680013,0.89155355402178
