"numMicroClusters","numMacroClusters","numClasses","SSQ","silhouette","precision","recall","F1","purity","cRand"
69,3,4,0.122916503309541,0.753126042284134,0.803549571603427,0.970436067997044,0.879142952795447,0.887573099415205,0.827581815055626
85,3,4,2.78597936236636,0.623795224570477,0.516831683168317,0.957446808510638,0.671296296296296,0.72991452991453,0.488281044614943
59,3,4,1.00864949438633,0.53559678788163,0.515061518879932,0.864056939501779,0.645401382243488,0.77708246419135,0.449666756398386
74,3,4,0.223697168532812,0.762863087317129,0.765880217785844,0.958364875094625,0.85137861466039,0.871208312384783,0.788691871431477
30,3,4,1.35483495616405,0.62482347837296,0.559249120062573,0.990304709141274,0.714821294676331,0.818802673641383,0.545265851948909
