"numMicroClusters","numMacroClusters","numClasses","SSQ","silhouette","precision","recall","F1","purity","cRand"
67,3,4,0.123246557705602,0.753126042284134,0.803549571603427,0.970436067997044,0.879142952795447,0.887573099415205,0.827581815055626
33,3,4,0.457789792848449,0.778415654153421,0.826650215916101,0.983125458547322,0.898123324396783,0.900343363151712,0.854636139225503
62,3,4,0.147940309725657,0.667891595935199,0.849172286940527,0.98576512455516,0.912384716732543,0.920397737639117,0.873940770256647
75,3,4,0.227773038620003,0.762863087317129,0.765880217785844,0.958364875094625,0.85137861466039,0.871208312384783,0.788691871431477
30,3,4,0.188819253623586,0.726992359221975,0.868245294474803,0.990304709141274,0.925266903914591,0.930013346680013,0.89155355402178
