"numMicroClusters","numMacroClusters","numClasses","SSQ","silhouette","precision","recall","F1","purity","cRand"
65,3,4,0.137816916642772,0.753126042284134,0.803549571603427,0.970436067997044,0.879142952795447,0.887573099415205,0.827581815055626
61,3,4,1.72901333342113,0.664350865839379,0.508993494068121,0.975788701393984,0.669014084507042,0.795373085695666,0.481277594603414
58,3,4,0.304860110678364,0.6772343964258,0.85335797905114,0.98576512455516,0.914795244385733,0.918268708591289,0.877531293243076
69,3,4,0.315626846255065,0.762863087317129,0.765880217785844,0.958364875094625,0.85137861466039,0.871208312384783,0.788691871431477
84,3,4,0.180562748481317,0.726992359221975,0.868245294474803,0.990304709141274,0.925266903914591,0.930013346680013,0.89155355402178
