"numMicroClusters","numMacroClusters","numClasses","SSQ","silhouette","precision","recall","F1","purity","cRand"
100,3,4,0.311354295844279,0.753126042284134,0.803549571603427,0.970436067997044,0.879142952795447,0.887573099415205,0.827581815055626
100,3,4,0.210142362360213,0.790098400597986,0.828307692307692,0.987527512839325,0.900937081659973,0.903174603174603,0.858583031314998
100,3,4,0.794455568953442,0.622891739271763,0.55426511814177,0.985053380782918,0.709379805228088,0.809038546743465,0.543572176059676
100,3,4,0.452523734171028,0.762863087317129,0.765880217785844,0.958364875094625,0.85137861466039,0.871208312384783,0.788691871431477
99,3,4,1.20632222269372,0.622854832902194,0.565732333201737,0.992382271468144,0.720643701282374,0.814063848144953,0.55545077515313
