"numMicroClusters","numMacroClusters","numClasses","SSQ","silhouette","precision","recall","F1","purity","cRand"
64,3,4,1.29661677799027,0.698067914097434,0.476928622927181,0.977827050997783,0.641143687908893,0.663602941176471,0.432685874223024
100,3,4,0.159150250543727,0.790098400597986,0.828307692307692,0.987527512839325,0.900937081659973,0.903174603174603,0.858583031314998
59,3,4,0.822898251719378,0.622891739271763,0.55426511814177,0.985053380782918,0.709379805228088,0.809038546743465,0.543572176059676
81,3,4,0.337194535363017,0.762863087317129,0.765880217785844,0.958364875094625,0.85137861466039,0.871208312384783,0.788691871431477
22,3,4,1.21610775719778,0.626864034430234,0.546773577701413,0.991689750692521,0.70489785872508,0.723723723723724,0.527018982357439
