"numMicroClusters","numMacroClusters","numClasses","SSQ","silhouette","precision","recall","F1","purity","cRand"
67,3,4,1.27280085052983,0.682074788216189,0.498485995457986,0.973392461197339,0.659324155193993,0.780934343434343,0.466422377066747
29,3,4,2.17095825659135,0.649961958530905,0.516479255525397,0.977256052824652,0.675799086757991,0.788942307692308,0.493204351099527
42,3,4,0.663666987246316,0.628911528438736,0.78295524218271,0.908896797153025,0.841238471673254,0.882302499543879,0.771576884450014
35,3,4,0.310416428323801,0.762863087317129,0.765880217785844,0.958364875094625,0.85137861466039,0.871208312384783,0.788691871431477
67,3,4,1.16261243203266,0.482782375610104,0.542648949849979,0.876731301939058,0.670373312152502,0.720739092819182,0.484652939019
