"numMicroClusters","numMacroClusters","numClasses","SSQ","silhouette","precision","recall","F1","purity","cRand"
40,3,4,1.31095484163379,0.671208949711328,0.487255264130033,0.974870657797487,0.649753694581281,0.778296019900497,0.448874235839453
48,3,4,0.246762179127605,0.774489160650835,0.824108241082411,0.983125458547322,0.896620943459351,0.901742919389978,0.852403833071152
40,3,4,1.17498403456695,0.570745055916335,0.53083109919571,0.986476868327402,0.690239043824701,0.805654761904762,0.509037025933861
46,3,4,0.264304453763513,0.762863087317129,0.765880217785844,0.958364875094625,0.85137861466039,0.871208312384783,0.788691871431477
49,3,4,0.167356678047234,0.726992359221975,0.868245294474803,0.990304709141274,0.925266903914591,0.930013346680013,0.89155355402178
