"numMicroClusters","numMacroClusters","numClasses","SSQ","silhouette","precision","recall","F1","purity","cRand"
500,3,4,1.662696610788,0.74147076211743,0.809465273509527,0.973392461197339,0.883892617449664,0.887223917465853,0.834495162411587
500,3,4,3.22642202388735,0.649961958530905,0.516479255525397,0.977256052824652,0.675799086757991,0.788942307692308,0.493204351099527
500,3,4,2.45223037542092,0.528559373116131,0.532316338819751,0.943772241992883,0.680698151950719,0.688911290322581,0.498774570652046
500,3,4,4.3691634891293,0.686276323265403,0.708480565371025,0.910673732021196,0.796952633322292,0.845821661998133,0.709851869403651
500,3,4,4.59549513375446,-0.0156558506482904,0.367906801954153,0.67797783933518,0.476979293544458,0.553968253968254,0.158857667666921
