"numMicroClusters","numMacroClusters","numClasses","SSQ","silhouette","precision","recall","F1","purity","cRand"
50,3,4,0.283490095424471,0.753126042284134,0.803549571603427,0.970436067997044,0.879142952795447,0.887573099415205,0.827581815055626
50,3,4,1.68388505387778,0.494480235972569,0.515511298353121,0.987527512839325,0.677403120281832,0.767559523809524,0.494500193329241
50,3,4,0.25850889298036,0.670285016256224,0.847374847374847,0.987900355871886,0.912257640486362,0.923280423280423,0.873648073100849
50,3,4,0.162880208255591,0.762863087317129,0.765880217785844,0.958364875094625,0.85137861466039,0.871208312384783,0.788691871431477
50,3,4,0.20069621621026,0.726992359221975,0.868245294474803,0.990304709141274,0.925266903914591,0.930013346680013,0.89155355402178
