"numMicroClusters","numMacroClusters","numClasses","SSQ","silhouette","precision","recall","F1","purity","cRand"
100,3,4,1.73684548993425,0.568712175677137,0.664848484848485,0.810790835181079,0.730602730602731,0.822222222222222,0.614945264159924
100,3,4,2.41192295423174,0.790098400597986,0.828307692307692,0.987527512839325,0.900937081659973,0.903174603174603,0.858583031314998
100,3,4,2.3380115982228,0.558455673704913,0.520358610384759,0.991459074733096,0.682508574228319,0.835820895522388,0.494210208041452
100,3,4,5.45618938021974,0.500745901510741,0.59652076318743,0.804693414080242,0.685143409603609,0.767857142857143,0.545978400282544
100,3,4,2.00708944374334,0.567022973447964,0.551588858375834,0.973684210526316,0.704232406711745,0.666137566137566,0.528698294834228
