"numMicroClusters","numMacroClusters","numClasses","SSQ","silhouette","precision","recall","F1","purity","cRand"
50,3,4,1.32322642260734,0.671208949711328,0.487255264130033,0.974870657797487,0.649753694581281,0.778296019900497,0.448874235839453
50,3,4,0.233077830534872,0.790098400597986,0.828307692307692,0.987527512839325,0.900937081659973,0.903174603174603,0.858583031314998
50,3,4,0.257567893884563,0.670285016256224,0.847374847374847,0.987900355871886,0.912257640486362,0.923280423280423,0.873648073100849
50,3,4,0.308415574269705,0.762863087317129,0.765880217785844,0.958364875094625,0.85137861466039,0.871208312384783,0.788691871431477
50,3,4,0.165424698873546,0.723722693628964,0.867030965391621,0.988919667590028,0.923972824328696,0.929512846179513,0.88967569348536
