"numMicroClusters","numMacroClusters","numClasses","SSQ","silhouette","precision","recall","F1","purity","cRand"
500,3,4,0.197465565762828,0.752848396227574,0.8120764017252,0.974131559497413,0.885752688172043,0.886472249375475,0.837223998927593
500,3,4,0.250229240252332,0.790098400597986,0.828307692307692,0.987527512839325,0.900937081659973,0.903174603174603,0.858583031314998
500,3,4,0.2631256668675,0.670285016256224,0.847374847374847,0.987900355871886,0.912257640486362,0.923280423280423,0.873648073100849
500,3,4,0.276561375457454,0.762863087317129,0.765880217785844,0.958364875094625,0.85137861466039,0.871208312384783,0.788691871431477
500,3,4,0.29090366270793,0.728360641306143,0.872405372405372,0.989612188365651,0.927319922128488,0.927248677248677,0.894654394587698
