"numMicroClusters","numMacroClusters","numClasses","SSQ","silhouette","precision","recall","F1","purity","cRand"
100,3,4,0.121698667852597,0.752077477237819,0.807243707796194,0.971914264597191,0.881958417169685,0.887032487032487,0.83169812764167
100,3,4,0.160858999103013,0.790098400597986,0.828307692307692,0.987527512839325,0.900937081659973,0.903174603174603,0.858583031314998
100,3,4,0.135012701642437,0.67266643631597,0.849172286940527,0.98576512455516,0.912384716732543,0.920397737639117,0.873940770256647
100,3,4,0.133198575537673,0.762863087317129,0.765880217785844,0.958364875094625,0.85137861466039,0.871208312384783,0.788691871431477
100,3,4,0.160233773359106,0.726992359221975,0.868245294474803,0.990304709141274,0.925266903914591,0.930013346680013,0.89155355402178
