"numMicroClusters","numMacroClusters","numClasses","SSQ","silhouette","precision","recall","F1","purity","cRand"
500,3,4,0.25669803324545,0.752077477237819,0.807243707796194,0.971914264597191,0.881958417169685,0.887032487032487,0.83169812764167
500,3,4,2.95540488224496,0.492386568106438,0.59012987012987,0.833455612619222,0.690997566909976,0.794920634920635,0.543962894618722
500,3,4,1.71365945034413,0.557921510982893,0.514222386405615,0.990747330960854,0.67704280155642,0.825404228855721,0.484331720235681
500,3,4,2.38842617728033,0.555219030942642,0.492242048099302,0.960635881907646,0.650936137471146,0.794730392156863,0.460568177978431
500,3,4,0.270808778041167,0.730986749791048,0.873703477730323,0.991689750692521,0.928965293545248,0.928249678249678,0.897026032404147
