"numMicroClusters","numMacroClusters","numClasses","SSQ","silhouette","precision","recall","F1","purity","cRand"
500,3,4,0.136777159774234,0.753126042284134,0.803549571603427,0.970436067997044,0.879142952795447,0.887573099415205,0.827581815055626
500,3,4,0.183135454565137,0.790098400597986,0.828307692307692,0.987527512839325,0.900937081659973,0.903174603174603,0.858583031314998
500,3,4,0.18033678481903,0.670285016256224,0.847374847374847,0.987900355871886,0.912257640486362,0.923280423280423,0.873648073100849
500,3,4,0.176532463136937,0.762863087317129,0.765880217785844,0.958364875094625,0.85137861466039,0.871208312384783,0.788691871431477
500,3,4,0.209677533136574,0.726992359221975,0.868245294474803,0.990304709141274,0.925266903914591,0.930013346680013,0.89155355402178
