"numMicroClusters","numMacroClusters","numClasses","SSQ","silhouette","precision","recall","F1","purity","cRand"
500,3,4,1.3133101428206,0.679297447745877,0.495658739146848,0.970436067997044,0.656171914042979,0.796351575456053,0.461211959841496
500,3,4,1.72466270500948,0.665124232781311,0.516479255525397,0.977256052824652,0.675799086757991,0.788942307692308,0.493204351099527
500,3,4,0.181094334790882,0.670285016256224,0.847374847374847,0.987900355871886,0.912257640486362,0.923280423280423,0.873648073100849
500,3,4,1.34786869012658,0.688190342759151,0.477740366629256,0.9666919000757,0.639459188783175,0.797979797979798,0.43910381253603
500,3,4,1.3190089301562,0.623456444894247,0.560219693997646,0.988919667590028,0.715251690458302,0.832804232804233,0.546257376144384
