"numMicroClusters","numMacroClusters","numClasses","SSQ","silhouette","precision","recall","F1","purity","cRand"
100,3,4,0.147140531536914,0.752077477237819,0.807243707796194,0.971914264597191,0.881958417169685,0.887032487032487,0.83169812764167
100,3,4,0.172438706902527,0.790098400597986,0.828307692307692,0.987527512839325,0.900937081659973,0.903174603174603,0.858583031314998
100,3,4,0.177813083968077,0.6772343964258,0.85335797905114,0.98576512455516,0.914795244385733,0.918268708591289,0.877531293243076
100,3,4,1.31409091930212,0.693165875666388,0.482588947766843,0.965177895533687,0.643451930355791,0.807133838383838,0.446504407880357
100,3,4,0.167178076791994,0.726992359221975,0.868245294474803,0.990304709141274,0.925266903914591,0.930013346680013,0.89155355402178
