"numMicroClusters","numMacroClusters","numClasses","SSQ","silhouette","precision","recall","F1","purity","cRand"
100,4,4,0.241849778983383,0.524862319628397,0.567567567567568,0.831353919239905,0.674590427240604,0.860607745779543,0.532951449528467
100,4,2,0.17441865199866,0.0391267922093722,0.662439877568867,0.500660938532716,0.57029926595144,0.767857142857143,0.0929151082167201
100,4,1,0,0.796589295911855,1,0.811111111111111,0.895705521472393,1,0
100,4,2,0.256876824651005,-0.148343889394572,0.931628682601445,0.860811504879301,0.894821142552056,0.992941176470588,0.56966855012524
100,4,2,0.237031754557114,0.10485593386638,0.937571461239424,0.972947318462269,0.954931873762665,0.993617021276596,0.660947262710871
