"numMicroClusters","numMacroClusters","numClasses","SSQ","silhouette","precision","recall","F1","purity","cRand"
99,4,4,0.0803732627363724,0.495147673992032,0.747126436781609,0.720506730007918,0.733575171301894,0.866620879120879,0.644518714224532
100,4,2,0.0367714215843863,0.240607190480656,0.922514619883041,0.417052214144085,0.57441966317706,0.945906432748538,0.312865614285447
100,4,1,0,0.380351319403203,1,0.489494949494949,0.65726298657263,1,0
100,4,2,0.0951987094164803,0.326016259268179,0.961010190518387,0.557010785824345,0.705251178670135,0.98728094968909,0.302688731737086
100,4,2,0.0704843869653462,0.23829745976591,0.922884012539185,0.349311817750356,0.506799793423997,0.953912466843501,0.0738080014942636
