"numMicroClusters","numMacroClusters","numClasses","SSQ","silhouette","precision","recall","F1","purity","cRand"
100,4,4,0.11702681388086,0.752459666924146,0.580756013745705,0.802850356294537,0.673978065802592,0.824038461538461,0.536829581099247
99,4,2,0.0361313140851104,0.233018945715037,0.921052631578947,0.393258426966292,0.551181102362205,0.94281045751634,0.292278904568645
100,4,1,0,0.361802366839324,1,0.472323232323232,0.641602634467618,1,0
100,4,2,0.0917944611855446,0.312914853192339,0.959447004608295,0.534668721109399,0.686675461741425,0.987877155172414,0.282982791586998
100,4,2,0.0693346081630439,0.262542868076758,0.929440389294404,0.362600854295206,0.521679754182315,0.951481481481481,0.0839791755990899
