"numMicroClusters","numMacroClusters","numClasses","SSQ","silhouette","precision","recall","F1","purity","cRand"
99,4,4,0.0863767863010473,0.500877802983872,0.719211822660099,0.693586698337292,0.706166868198307,0.846703296703297,0.607948778622819
99,4,2,0.0363410931965812,0.253184207260843,0.944235116804823,0.414077990746861,0.57569492304158,0.947435897435897,0.323585679147308
99,4,1,0,0.371834295568629,1,0.483838383838384,0.65214431586113,1,0
99,4,2,0.0936858698810897,0.324308698303089,0.960467205750225,0.549049820236261,0.698692810457516,0.9875,0.29558095470937
100,4,2,0.069498308279665,0.268809551673539,0.932132132132132,0.368296155671571,0.52798094914101,0.950231481481482,0.0884086796036481
