"numMicroClusters","numMacroClusters","numClasses","SSQ","silhouette","precision","recall","F1","purity","cRand"
99,4,4,0.103896145672713,0.74557991992307,0.574152542372881,0.85827395091053,0.68803554427166,0.828265947888589,0.550638406806126
99,4,2,0.0372671176641238,0.246156129319995,0.945583038869258,0.44216787838731,0.602566989416798,0.874094202898551,0.348944846144044
100,4,1,0,0.371834295568629,1,0.483838383838384,0.65214431586113,1,0
100,4,2,0.0981577274614999,0.342532063565787,0.949189662724485,0.556497175141243,0.701635097943986,0.979234972677596,0.287062682779643
100,4,2,0.0718112498715957,0.263340773368228,0.930176077717061,0.363550071191267,0.522777682989251,0.950892857142857,0.0849832205783161
