"numMicroClusters","numMacroClusters","numClasses","SSQ","silhouette","precision","recall","F1","purity","cRand"
49,4,4,0.0784604905951046,0.495147673992032,0.747126436781609,0.720506730007918,0.733575171301894,0.866620879120879,0.644518714224532
50,4,2,0.0417548681159053,0.238284215455287,0.920348475420037,0.48876404494382,0.63846319879128,0.955555555555555,0.372245280170348
49,4,1,0,0.291519330382347,1,0.44949494949495,0.620209059233449,1,0
49,4,2,0.0937958091221901,0.293503111192717,0.956799214531173,0.500513610683102,0.657224751306694,0.98868778280543,0.254251463618623
50,4,2,0.0757101988851512,0.259607782428813,0.930425179458862,0.399857617465591,0.559336099585062,0.937728937728938,0.0974127377075818
