"numMicroClusters","numMacroClusters","numClasses","SSQ","silhouette","precision","recall","F1","purity","cRand"
49,4,4,0.122670947306469,0.756084448127974,0.575461454940282,0.839271575613618,0.682769726247987,0.828846153846154,0.545039226982386
49,4,2,0.0466406985786257,0.331400812298583,0.91439205955335,0.487111698612029,0.635618801207417,0.957936507936508,0.366359255025421
49,4,1,0,0.303820924270784,1,0.453131313131313,0.623661893507577,1,0
50,4,2,0.0923163041189262,0.262602609258547,0.97007874015748,0.474576271186441,0.637351267459907,0.923363095238095,0.24941109286887
50,4,2,0.074160912633054,0.255877444953021,0.906190172303765,0.336971998101566,0.491264487112956,0.958715170278638,0.0552475087405157
