"numMicroClusters","numMacroClusters","numClasses","SSQ","silhouette","precision","recall","F1","purity","cRand"
100,4,4,0.130527955121908,0.752459666924146,0.580756013745705,0.802850356294537,0.673978065802592,0.824038461538461,0.536829581099247
100,4,2,0.0464790374023534,0.599772862871695,0.93780260707635,0.83212161269002,0.881807039047452,0.961840770791075,0.722021858878204
99,4,1,0,0.828297472202549,1,0.829292929292929,0.906681391496411,1,0
100,4,2,0.0979934600082267,0.366445218065239,0.954933008526188,0.604006163328197,0.739971684756961,0.976212121212121,0.333972633648686
99,4,2,0.0762392221552545,0.303235118357782,0.947805456702254,0.37921214997627,0.541694915254237,0.958333333333333,0.107405795060243
