"numMicroClusters","numMacroClusters","numClasses","SSQ","silhouette","precision","recall","F1","purity","cRand"
48,4,4,0.123102126886303,0.752459666924146,0.580756013745705,0.802850356294537,0.673978065802592,0.824038461538461,0.536829581099247
49,4,2,0.0378772995865687,0.182419011514966,0.927547169811321,0.406146728354263,0.564927602849919,0.936507936507937,0.306852436097067
49,4,1,0,0.38531101329396,1,0.527070707070707,0.690302950125678,1,0
50,4,2,0.0940079506084302,0.275438486019497,0.956109725685786,0.492295839753467,0.649940667909815,0.988866897575458,0.24757694269682
50,4,2,0.121289326614355,0.380959415182557,0.938399732172749,0.66516373991457,0.778502985696431,0.96952380952381,0.245953923560964
