"numMicroClusters","numMacroClusters","numClasses","SSQ","silhouette","precision","recall","F1","purity","cRand"
99,4,4,0.131065189327312,0.752459666924146,0.580756013745705,0.802850356294537,0.673978065802592,0.824038461538461,0.536829581099247
99,4,2,0.0455256056698883,0.599772862871695,0.93780260707635,0.83212161269002,0.881807039047452,0.961840770791075,0.722021858878204
99,4,1,0,0.296643852239575,1,0.478181818181818,0.646986469864699,1,0
99,4,2,0.107950191401191,0.397197896348808,0.962843872811718,0.692090395480226,0.805318989989541,0.968797564687976,0.430815467141934
100,4,2,0.156844403869249,0.686962610263712,1,0.995253915519696,0.997621313035205,1,0.984216990553151
