"numMicroClusters","numMacroClusters","numClasses","SSQ","silhouette","precision","recall","F1","purity","cRand"
500,4,4,0.742115617601783,0.506354807284493,0.590877677954388,0.676959619952494,0.6309963099631,0.72,0.492795544961984
500,4,2,0.455659995143001,0.0469469668890196,0.659922178988327,0.840713813615334,0.73942740880686,0.946022727272727,0.172884928833632
500,4,1,0,0.766523336182853,1,0.865454545454545,0.927875243664717,1,0
500,4,2,0.75044567321948,0.75532174019776,0.977647955295911,0.9884437596302,0.983016217596731,0.997191011235955,0.918743228602384
500,4,2,0.929887414429258,0.722285125691247,0.978524743230626,0.994779307071666,0.98658507884208,0.997311827956989,0.905311610880557
