"numMicroClusters","numMacroClusters","numClasses","SSQ","silhouette","precision","recall","F1","purity","cRand"
100,4,4,0.896957710298324,0.630958325457485,0.563308947664603,0.792557403008709,0.658552631578947,0.721907259407259,0.513405152501615
100,4,2,0.561878328608516,0.405758217969513,0.675991392560713,0.726701916721745,0.700430004777831,0.892307692307692,0.182812302800079
100,4,1,0,0.79972238470998,1,0.829090909090909,0.906560636182903,1,0
100,4,2,0.647211851332446,0.75532174019776,0.977647955295911,0.9884437596302,0.983016217596731,0.997191011235955,0.918743228602384
100,4,2,0.704132799800795,0.76596619371766,0.957962074480238,0.995016611295681,0.976137818647422,0.99290780141844,0.819955096561555
