"numMicroClusters","numMacroClusters","numClasses","SSQ","silhouette","precision","recall","F1","purity","cRand"
100,4,4,0.0824177311055235,0.498121075685641,0.794913863822806,0.767220902612827,0.780821917808219,0.894338624338624,0.707517542104635
100,4,2,0.0417728850137572,0.39086880415955,0.915066899360093,0.519828155981494,0.663013698630137,0.96019809244314,0.395075587178037
100,4,1,0,0.392591997277101,1,0.48969696969697,0.657445077298617,1,0
100,4,2,0.0940847669639475,0.284223714688094,0.941036614360438,0.508217770929635,0.659996664999166,0.982125124131082,0.241522460457988
100,4,2,0.0783974303088913,0.323373648488641,0.938193343898574,0.421452301850973,0.581627640412641,0.960185185185185,0.114055700956734
