"numMicroClusters","numMacroClusters","numClasses","SSQ","silhouette","precision","recall","F1","purity","cRand"
38,2,3,0.445317484812846,0.935895586111199,0.910576096302666,0.992502343017807,0.949775784753363,0.976190476190476,0.908737976590567
53,1,3,2.33346256195725,0.853022520742789,0.917321207110376,0.81695722355556,NA,NA,NA
53,1,3,4.25351866517833,0.434553521907931,0.636904761904762,0.086483064887025,NA,NA,NA
43,1,3,11.5819012966185,0.45351823317925,0.534090909090909,0.143513581635225,NA,NA,NA
82,2,3,13.1031445854234,0.643562053602922,0.924086223055295,0.904172397982577,0.914020857473928,0.855769230769231,0.847606894247674
