"numMicroClusters","numMacroClusters","numClasses","SSQ","silhouette","precision","recall","F1","purity","cRand"
100,2,3,0.624536817273776,0.459268709156355,0.794198139025725,0.679943767572634,0.732643271901035,0.76963716108453,0.556108847643479
100,2,3,0.746287531445571,0.466793623537551,0.878179384203481,0.878179384203481,0.878179384203481,0.78951048951049,0.777404190405031
100,2,3,0.877356311800864,0.746243465707595,0.438212290502793,0.984932194876946,0.60655737704918,0.736842105263158,0.112386121341345
100,2,3,0.820696443771967,0.470305461606578,0.752953261427838,0.735205616850552,0.743973610758691,0.751602564102564,0.57468990440007
100,2,3,1.27617012506426,0.63702341026935,0.858307849133537,0.772122879413113,0.812937484914313,0.84472049689441,0.678964310622459
