"numMicroClusters","numMacroClusters","numClasses","SSQ","precision","purity","cRand"
22,2,3,0.623353890697495,0.871815940838127,0.96551724137931,0.868791441386311
22,2,3,2.10800063728492,0.469598148537766,0.853741496598639,0.0596104901919704
22,2,3,4.17063028494752,0.429541968003506,0.822916666666667,0.0864697640220302
17,2,3,11.8264305225522,0.43701051689416,0.842105263157895,0.106731384176608
11,2,3,27.2733921285681,0.475449364313897,0.836805555555556,0.116753865405153
