"numMicroClusters","numMacroClusters","numClasses","SSQ","precision","purity","cRand"
2,2,3,2.04299872129372,0.431111111111111,0.52,0
2,2,3,1.94032335631202,0.452727272727273,0.55,0
2,2,3,4.28273820833544,0.402222222222222,0.45,0
2,2,3,12.2274660728852,0.402828282828283,0.5,0
2,2,3,27.8892504578885,0.440606060606061,0.49,0
