"numMicroClusters","numMacroClusters","numClasses","SSQ","precision","purity","cRand"
22,1,3,5.52185298901359,0.446360959192259,0.76530612244898,0.0519884498441493
22,1,3,2.03327432971404,0.460935889507318,0.777777777777778,0.0295002296602511
22,1,3,4.43372018302353,0.422193603777635,0.731958762886598,0.0641238278575924
17,1,3,12.6529292160656,0.422193603777635,0.757731958762887,0.0622346671861668
11,1,3,28.2446957817581,0.457088767353807,0.75,0.0570770923933558
