"numMicroClusters","numMacroClusters","numClasses","SSQ","silhouette","precision","recall","F1","purity","cRand"
50,2,3,0.26000950635714,0.540367697392373,0.816589386913962,0.7427366447985,0.777914110429448,0.792156862745098,0.623140688590671
50,2,3,0.401577392475836,0.418977405117627,0.87018544935806,0.816599732262383,0.842541436464088,0.844017094017094,0.719652494287975
50,2,3,0.758489718210565,0.233643654958388,0.537859007832898,0.724259166248116,0.617294520547945,0.866406540319584,0.289146003367854
50,2,3,0.9446132386734,0.246143203333725,0.789272030651341,0.929789368104313,0.85378770435183,0.914141414141414,0.740870556217548
50,2,3,1.00146415623454,0.453898650788148,0.807939287799183,0.634571297569922,0.710837185413457,0.782051282051282,0.527780361824096
