"numMicroClusters","numMacroClusters","numClasses","SSQ","precision","purity","cRand"
2,1,3,5.52075586973794,0.446360959192259,0.76530612244898,0.0519884498441493
2,1,3,2.08027569643988,0.460935889507318,0.777777777777778,0.0295002296602511
2,1,3,4.82036274573105,0.402222222222222,0.45,0
2,1,3,13.0900023835729,0.422193603777635,0.757731958762887,0.0622346671861668
2,1,3,28.4100562538792,0.448567305710163,0.747474747474748,0.0280135207671439
