"numMicroClusters","numMacroClusters","numClasses","SSQ","silhouette","precision","recall","F1","purity","cRand"
6,4,3,0.0309521950346061,0.960873557521435,1,1,1,1,1
13,7,3,0.586688345362554,-0.590060573564718,0.513007284079084,0.879964301651049,0.648151191454396,0.918181818181818,0.177939987629482
10,7,3,1.03201023560178,0.0743900900531626,0.478349317058994,0.826720241084882,0.606038291605302,0.753048780487805,0.19666855195127
15,8,3,0.214609964033563,0.961755185207296,1,1,1,1,1
18,8,3,0.337735159067284,0.743030754061607,0.941429339065019,0.803301237964237,0.866897575457694,0.833730158730159,0.776025973619659
