"numMicroClusters","numMacroClusters","numClasses","SSQ","silhouette","precision","recall","F1","purity","cRand"
2,2,3,2.04299872129372,0.869286043647653,0.844073190135243,0.994376757263355,0.913080895008606,0.924466338259442,0.83712129356871
2,2,3,1.94032335631202,0.749717513401429,0.469709718132099,0.996430165104864,0.638456040028592,0.780612244897959,0.0600152187046799
2,2,3,4.28273820833544,0.757074046952598,0.415018931426167,0.990959316926168,0.585025945144552,0.729591836734694,0.041658614230215
2,2,3,12.2274660728852,0.5766160641102,0.42969776609724,0.9839518555667,0.598170731707317,0.760416666666667,0.0851580812508519
2,2,3,27.8892504578885,0.472140409219335,0.475908891809023,0.996331957817515,0.644138135467615,0.755208333333333,0.118376726293878
