"numMicroClusters","numMacroClusters","numClasses","SSQ","silhouette","precision","recall","F1","purity","cRand"
38,2,3,0.444514460588801,0.869286043647653,0.844073190135243,0.994376757263355,0.913080895008606,0.924466338259442,0.83712129356871
53,2,3,2.70956011348721,0.750124116132055,0.893557422969188,0.996430165104864,0.942194092827004,0.9359445124439,0.889394333055902
53,2,3,4.23755347357162,0.322949335264674,0.442215315060752,0.786037167252637,0.566003616636528,0.618001417434444,0.105502649534282
43,2,3,11.2244168549147,0.318749335105744,0.45351823317925,0.885656970912738,0.599864130434783,0.534090909090909,0.143513581635225
82,2,3,14.712467003964,0.861907617286751,0.881212121212121,1,0.936855670103093,0.945454545454545,0.881212121212121
