"numMicroClusters","numMacroClusters","numClasses","SSQ","silhouette","precision","recall","F1","purity","cRand"
22,2,3,0.623353890697495,0.869286043647653,0.844073190135243,0.994376757263355,0.913080895008606,0.924466338259442,0.83712129356871
22,2,3,2.10800063728492,0.749717513401429,0.469709718132099,0.996430165104864,0.638456040028592,0.780612244897959,0.0600152187046799
22,2,3,4.17063028494752,0.684115640350501,0.429916776171704,0.985936715218483,0.598749428092115,0.734375,0.0876958570087798
17,2,3,11.8264305225522,0.582093270635719,0.437765363128492,0.982447342026078,0.605657752357397,0.763157894736842,0.109190314103808
11,2,3,27.2733921285681,0.472140409219335,0.475908891809023,0.996331957817515,0.644138135467615,0.755208333333333,0.118376726293878
