"numMicroClusters","numMacroClusters","numClasses","SSQ","silhouette","precision","recall","F1","purity","cRand"
6,3,3,0.286438271256798,0.960873557521435,1,1,1,1,1
13,6,3,0.497822571954626,-0.154935028867074,0.506329113924051,0.928157072735386,0.655221294692078,0.892857142857143,0.167488379618937
10,7,3,1.03201023560178,0.0743900900531626,0.478349317058994,0.826720241084882,0.606038291605302,0.753048780487805,0.19666855195127
17,10,3,0.214609964033563,0.961755185207296,1,1,1,1,1
19,9,3,0.337735159067284,0.743030754061607,0.941429339065019,0.803301237964237,0.866897575457694,0.833730158730159,0.776025973619659
