"numMicroClusters","numMacroClusters","numClasses","SSQ","precision","purity","cRand"
38,2,3,0.445317484812846,0.910576096302666,0.976190476190476,0.908737976590567
53,2,3,2.7028038670127,0.893256102606537,0.955783768363999,0.862321220054865
53,2,3,4.23832660425904,0.443088277036617,0.76004016064257,0.107443444054349
43,2,3,11.2229689553712,0.45351823317925,0.534090909090909,0.143513581635225
82,2,3,13.1031445854234,0.924086223055295,0.855769230769231,0.847606894247674
