"numMicroClusters","numMacroClusters","numClasses","SSQ","silhouette","precision","recall","F1","purity","cRand"
62,2,3,5.39198504756987,0.636372414331698,0.454818630607426,0.992970946579194,0.623877520977477,0.768041237113402,0.0795800050914296
67,2,3,0.0603098076828692,0.73163372703996,0.905454545454545,1,0.950381679389313,0.933333333333333,0.905454545454545
93,2,3,0.115495596137303,0.645127453922272,0.800408163265306,0.984932194876946,0.883134429182617,0.89,0.789887994242274
99,2,3,0.162815530407676,0.811484624615972,0.791515151515152,0.982447342026078,0.876706198254643,0.876767676767677,0.777373737373737
90,2,3,0.197999468233262,0.906465376488522,0.888163265306122,0.997707473635947,0.939753832865472,0.94,0.887137305858269
