"numMicroClusters","numMacroClusters","numClasses","SSQ","silhouette","precision","recall","F1","purity","cRand"
200,2,3,0.0743741746478942,0.869286043647653,0.844073190135243,0.994376757263355,0.913080895008606,0.924466338259442,0.83712129356871
200,2,3,0.0825501841605452,0.751088166301988,0.887828162291169,0.995983935742972,0.938801261829653,0.938423645320197,0.882599147055846
200,2,3,0.639540254423356,0.666356033005076,0.422193603777635,0.987945755901557,0.591578947368421,0.731958762886598,0.0641238278575924
200,2,3,0.222968226157021,0.811484624615972,0.791515151515152,0.982447342026078,0.876706198254643,0.876767676767677,0.777373737373737
200,2,3,0.210259320081897,0.906465376488522,0.888163265306122,0.997707473635947,0.939753832865472,0.94,0.887137305858269
