"numMicroClusters","numMacroClusters","numClasses","SSQ","silhouette","precision","recall","F1","purity","cRand"
162,2,3,0.272244772859179,0.869286043647653,0.844073190135243,0.994376757263355,0.913080895008606,0.924466338259442,0.83712129356871
166,2,3,0.641554150361601,0.821643663000838,0.460935889507318,0.99776885319054,0.630569655950367,0.777777777777778,0.0295002296602511
165,2,3,0.0288412132393739,0.645127453922272,0.800408163265306,0.984932194876946,0.883134429182617,0.89,0.789887994242274
162,2,3,0.0532534160201867,0.811484624615972,0.791515151515152,0.982447342026078,0.876706198254643,0.876767676767677,0.777373737373737
160,2,3,0.0220466856028516,0.906465376488522,0.888163265306122,0.997707473635947,0.939753832865472,0.94,0.887137305858269
