"numMicroClusters","numMacroClusters","numClasses","SSQ","silhouette","precision","recall","F1","purity","cRand"
50,2,3,0.120028557685278,0.869286043647653,0.844073190135243,0.994376757263355,0.913080895008606,0.924466338259442,0.83712129356871
50,2,3,0.0448959102132543,0.743847258477215,0.882259976293955,0.996430165104864,0.935875943000838,0.941711451012815,0.876627555964761
50,2,3,0.0600147462525848,0.645127453922272,0.800408163265306,0.984932194876946,0.883134429182617,0.89,0.789887994242274
50,2,3,0.102248972754894,0.803926198088406,0.795620437956204,0.9839518555667,0.879820627802691,0.876006441223833,0.783281187513233
50,2,3,14.8242925764064,0.447358022577145,0.486256983240223,0.997707473635947,0.653846153846154,0.757894736842105,0.150622800647936
