"numMicroClusters","numMacroClusters","numClasses","SSQ","silhouette","precision","recall","F1","purity","cRand"
49,2,3,0.121028344175289,0.869286043647653,0.844073190135243,0.994376757263355,0.913080895008606,0.924466338259442,0.83712129356871
50,2,3,0.0288562489748886,0.743847258477215,0.882259976293955,0.996430165104864,0.935875943000838,0.941711451012815,0.876627555964761
50,2,3,0.033773720378506,0.645127453922272,0.800408163265306,0.984932194876946,0.883134429182617,0.89,0.789887994242274
50,2,3,0.0329008468610317,0.803926198088406,0.795620437956204,0.9839518555667,0.879820627802691,0.876006441223833,0.783281187513233
49,2,3,0.0434224762506131,0.906465376488522,0.888163265306122,0.997707473635947,0.939753832865472,0.94,0.887137305858269
