"numMicroClusters","numMacroClusters","numClasses","SSQ","silhouette","precision","recall","F1","purity","cRand"
50,2,3,0.428008530853667,0.869286043647653,0.844073190135243,0.994376757263355,0.913080895008606,0.924466338259442,0.83712129356871
45,2,3,0.644007720259331,0.821643663000838,0.460935889507318,0.99776885319054,0.630569655950367,0.777777777777778,0.0295002296602511
48,2,3,0.029274132906264,0.63831756538989,0.800081599347205,0.984932194876946,0.882935614588023,0.89015606242497,0.789499819185742
49,2,3,0.0383227579808376,0.803926198088406,0.795620437956204,0.9839518555667,0.879820627802691,0.876006441223833,0.783281187513233
50,2,3,0.023770582664033,0.906465376488522,0.888163265306122,0.997707473635947,0.939753832865472,0.94,0.887137305858269
