"numMicroClusters","numMacroClusters","numClasses","SSQ","silhouette","precision","recall","F1","purity","cRand"
139,2,3,0.0606841219433005,0.869286043647653,0.844073190135243,0.994376757263355,0.913080895008606,0.924466338259442,0.83712129356871
54,2,3,0.0520279065194909,0.73163372703996,0.905454545454545,1,0.950381679389313,0.933333333333333,0.905454545454545
73,2,3,0.592098069466563,0.746243465707595,0.438212290502793,0.984932194876946,0.60655737704918,0.736842105263158,0.112386121341345
93,2,3,0.167911095859564,0.811484624615972,0.791515151515152,0.982447342026078,0.876706198254643,0.876767676767677,0.777373737373737
124,2,3,0.0263310555572335,0.906465376488522,0.888163265306122,0.997707473635947,0.939753832865472,0.94,0.887137305858269
