"numMicroClusters","numMacroClusters","numClasses","SSQ","silhouette","precision","recall","F1","purity","cRand"
100,2,3,5.46119100207128,0.636372414331698,0.454818630607426,0.992970946579194,0.623877520977477,0.768041237113402,0.0795800050914296
100,2,3,0.496653060869994,0.750124116132055,0.893557422969188,0.996430165104864,0.942194092827004,0.9359445124439,0.889394333055902
100,2,3,0.0607207361962883,0.645127453922272,0.800408163265306,0.984932194876946,0.883134429182617,0.89,0.789887994242274
100,2,3,0.0676104915505383,0.811484624615972,0.791515151515152,0.982447342026078,0.876706198254643,0.876767676767677,0.777373737373737
99,2,3,0.0400461791548991,0.906465376488522,0.888163265306122,0.997707473635947,0.939753832865472,0.94,0.887137305858269
