"numMicroClusters","numMacroClusters","numClasses","SSQ","silhouette","precision","recall","F1","purity","cRand"
100,2,3,0.125120557255913,0.869286043647653,0.844073190135243,0.994376757263355,0.913080895008606,0.924466338259442,0.83712129356871
36,2,3,0.195882602239206,0.751088166301988,0.887828162291169,0.995983935742972,0.938801261829653,0.938423645320197,0.882599147055846
71,2,3,0.592986875537908,0.746243465707595,0.438212290502793,0.984932194876946,0.60655737704918,0.736842105263158,0.112386121341345
89,2,3,4.97985211220599,0.610408284715705,0.446420428636571,0.981945837512538,0.613793103448276,0.765957446808511,0.134342188639136
100,2,3,0.0293346304815935,0.906465376488522,0.888163265306122,0.997707473635947,0.939753832865472,0.94,0.887137305858269
