"numMicroClusters","numMacroClusters","numClasses","SSQ","silhouette","precision","recall","F1","purity","cRand"
75,2,3,0.156891344876273,0.869286043647653,0.844073190135243,0.994376757263355,0.913080895008606,0.924466338259442,0.83712129356871
64,2,3,0.181764223260389,0.73163372703996,0.905454545454545,1,0.950381679389313,0.933333333333333,0.905454545454545
57,2,3,0.167575646702414,0.604217099379222,0.802358682391216,0.990959316926168,0.886741573033708,0.893817743877961,0.796105873912879
89,2,3,0.16219904955987,0.811484624615972,0.791515151515152,0.982447342026078,0.876706198254643,0.876767676767677,0.777373737373737
79,2,3,0.0703394382115212,0.906465376488522,0.888163265306122,0.997707473635947,0.939753832865472,0.94,0.887137305858269
