"numMicroClusters","numMacroClusters","numClasses","SSQ","silhouette","precision","recall","F1","purity","cRand"
136,2,3,0.0645465675654129,0.869286043647653,0.844073190135243,0.994376757263355,0.913080895008606,0.924466338259442,0.83712129356871
52,2,3,0.113280030532571,0.73163372703996,0.905454545454545,1,0.950381679389313,0.933333333333333,0.905454545454545
72,2,3,0.0528848317636463,0.645127453922272,0.800408163265306,0.984932194876946,0.883134429182617,0.89,0.789887994242274
85,2,3,0.187819343754621,0.811484624615972,0.791515151515152,0.982447342026078,0.876706198254643,0.876767676767677,0.777373737373737
128,2,3,0.0274567359325201,0.906465376488522,0.888163265306122,0.997707473635947,0.939753832865472,0.94,0.887137305858269
