"numMicroClusters","numMacroClusters","numClasses","SSQ","silhouette","precision","recall","F1","purity","cRand"
78,2,3,0.127042257292043,0.869286043647653,0.844073190135243,0.994376757263355,0.913080895008606,0.924466338259442,0.83712129356871
100,2,3,0.06222792858227,0.751088166301988,0.887828162291169,0.995983935742972,0.938801261829653,0.938423645320197,0.882599147055846
75,2,3,0.0893997772634076,0.645127453922272,0.800408163265306,0.984932194876946,0.883134429182617,0.89,0.789887994242274
88,2,3,4.96110586382561,0.610408284715705,0.446420428636571,0.981945837512538,0.613793103448276,0.765957446808511,0.134342188639136
97,2,3,0.0370342508914978,0.906465376488522,0.888163265306122,0.997707473635947,0.939753832865472,0.94,0.887137305858269
