"numMicroClusters","numMacroClusters","numClasses","SSQ","silhouette","precision","recall","F1","purity","cRand"
45,2,3,1.03992911533543,0.856592326145944,0.840379296720664,0.996719775070291,0.911897106109325,0.928482844150475,0.834455461850912
48,2,3,0.0672916383351154,0.73163372703996,0.905454545454545,1,0.950381679389313,0.933333333333333,0.905454545454545
46,2,3,0.0385948287962394,0.63831756538989,0.800081599347205,0.984932194876946,0.882935614588023,0.89015606242497,0.789499819185742
45,2,3,0.0951177415206046,0.803926198088406,0.795620437956204,0.9839518555667,0.879820627802691,0.876006441223833,0.783281187513233
44,2,3,0.182470676059766,0.906465376488522,0.888163265306122,0.997707473635947,0.939753832865472,0.94,0.887137305858269
