"numMicroClusters","numMacroClusters","numClasses","SSQ","silhouette","precision","recall","F1","purity","cRand"
500,2,3,0.653591834422918,0.869286043647653,0.844073190135243,0.994376757263355,0.913080895008606,0.924466338259442,0.83712129356871
500,2,3,4.16286426050052,0.751088166301988,0.887828162291169,0.995983935742972,0.938801261829653,0.938423645320197,0.882599147055846
500,2,3,3.25712146762479,0.727041151169559,0.429916776171704,0.985936715218483,0.598749428092115,0.734375,0.0876958570087798
500,2,3,10.2286800455526,0.567510932516336,0.437765363128492,0.982447342026078,0.605657752357397,0.763157894736842,0.109190314103808
500,2,3,23.7746364911673,0.483150848140539,0.448567305710163,0.997707473635947,0.618885096700796,0.747474747474748,0.0280135207671439
