"numMicroClusters","numMacroClusters","numClasses","SSQ","silhouette","precision","recall","F1","purity","cRand"
442,2,3,0.252796166863389,0.869286043647653,0.844073190135243,0.994376757263355,0.913080895008606,0.924466338259442,0.83712129356871
495,2,3,0.649284231058552,0.743593068020335,0.899436846339501,0.99776885319054,0.946054580071927,0.934253246753247,0.89701297232678
499,2,3,0.467956724905444,0.645127453922272,0.800408163265306,0.984932194876946,0.883134429182617,0.89,0.789887994242274
500,2,3,0.658217375728487,0.811484624615972,0.791515151515152,0.982447342026078,0.876706198254643,0.876767676767677,0.777373737373737
500,2,3,0.957205549723433,0.906465376488522,0.888163265306122,0.997707473635947,0.939753832865472,0.94,0.887137305858269
