"numMicroClusters","numMacroClusters","numClasses","SSQ","silhouette","precision","recall","F1","purity","cRand"
443,2,3,0.245616571947369,0.869286043647653,0.844073190135243,0.994376757263355,0.913080895008606,0.924466338259442,0.83712129356871
490,2,3,0.666205260419561,0.751088166301988,0.887828162291169,0.995983935742972,0.938801261829653,0.938423645320197,0.882599147055846
499,2,3,0.797358286472585,0.723022518082539,0.447104423164615,0.984932194876946,0.61502273796456,0.73936170212766,0.138205407834198
500,2,3,0.847840591171102,0.811484624615972,0.791515151515152,0.982447342026078,0.876706198254643,0.876767676767677,0.777373737373737
500,2,3,1.43001426159678,0.906465376488522,0.888163265306122,0.997707473635947,0.939753832865472,0.94,0.887137305858269
