"numMicroClusters","numMacroClusters","numClasses","SSQ","silhouette","precision","recall","F1","purity","cRand"
500,2,3,0.616939168028722,0.869286043647653,0.844073190135243,0.994376757263355,0.913080895008606,0.924466338259442,0.83712129356871
500,2,3,4.03683634865854,0.751088166301988,0.887828162291169,0.995983935742972,0.938801261829653,0.938423645320197,0.882599147055846
500,2,3,5.30358188450873,0.666527609223504,0.438212290502793,0.984932194876946,0.60655737704918,0.736842105263158,0.112386121341345
500,2,3,6.22801002781414,0.610408284715705,0.446420428636571,0.981945837512538,0.613793103448276,0.765957446808511,0.134342188639136
500,2,3,17.6098063061813,0.472140409219335,0.475908891809023,0.996331957817515,0.644138135467615,0.755208333333333,0.118376726293878
