"numMicroClusters","numMacroClusters","numClasses","SSQ","silhouette","precision","recall","F1","purity","cRand"
50,2,3,0.171690271847076,0.869286043647653,0.844073190135243,0.994376757263355,0.913080895008606,0.924466338259442,0.83712129356871
50,2,3,0.0791459273123274,0.73163372703996,0.905454545454545,1,0.950381679389313,0.933333333333333,0.905454545454545
50,2,3,0.0492311296896365,0.645127453922272,0.800408163265306,0.984932194876946,0.883134429182617,0.89,0.789887994242274
50,2,3,0.108792737044953,0.803926198088406,0.795620437956204,0.9839518555667,0.879820627802691,0.876006441223833,0.783281187513233
50,2,3,0.0689251097728989,0.906465376488522,0.888163265306122,0.997707473635947,0.939753832865472,0.94,0.887137305858269
