"numMicroClusters","numMacroClusters","numClasses","SSQ","silhouette","precision","recall","F1","purity","cRand"
100,2,3,0.90215053400782,0.869286043647653,0.844073190135243,0.994376757263355,0.913080895008606,0.924466338259442,0.83712129356871
100,2,3,4.73289189441951,0.751088166301988,0.887828162291169,0.995983935742972,0.938801261829653,0.938423645320197,0.882599147055846
100,2,3,4.54482716393968,0.666527609223504,0.438212290502793,0.984932194876946,0.60655737704918,0.736842105263158,0.112386121341345
100,2,3,11.6493962245126,0.46360586906464,0.561397440332065,0.813941825476429,0.664483111566018,0.765905779504614,0.358725274162424
100,2,3,22.2704831514687,0.449656921782868,0.475908891809023,0.996331957817515,0.644138135467615,0.755208333333333,0.118376726293878
