"numMicroClusters","numMacroClusters","numClasses","SSQ","silhouette","precision","recall","F1","purity","cRand"
100,2,3,0.778073936141669,0.869286043647653,0.844073190135243,0.994376757263355,0.913080895008606,0.924466338259442,0.83712129356871
100,2,3,4.60940985416513,0.750124116132055,0.893557422969188,0.996430165104864,0.942194092827004,0.9359445124439,0.889394333055902
100,2,3,5.39382763216279,0.764651076815907,0.415018931426167,0.990959316926168,0.585025945144552,0.729591836734694,0.041658614230215
100,2,3,6.37469772456516,0.610408284715705,0.446420428636571,0.981945837512538,0.613793103448276,0.765957446808511,0.134342188639136
100,2,3,24.4958190480711,0.472140409219335,0.475908891809023,0.996331957817515,0.644138135467615,0.755208333333333,0.118376726293878
