"numMicroClusters","numMacroClusters","numClasses","SSQ","silhouette","precision","recall","F1","purity","cRand"
500,2,3,0.0909470511167348,0.869286043647653,0.844073190135243,0.994376757263355,0.913080895008606,0.924466338259442,0.83712129356871
500,2,3,0.22143580719931,0.750124116132055,0.893557422969188,0.996430165104864,0.942194092827004,0.9359445124439,0.889394333055902
500,2,3,0.662439699624466,0.764651076815907,0.415018931426167,0.990959316926168,0.585025945144552,0.729591836734694,0.041658614230215
500,2,3,0.294846663615029,0.811484624615972,0.791515151515152,0.982447342026078,0.876706198254643,0.876767676767677,0.777373737373737
500,2,3,0.384922605151693,0.906465376488522,0.888163265306122,0.997707473635947,0.939753832865472,0.94,0.887137305858269
