"numMicroClusters","numMacroClusters","numClasses","SSQ","silhouette","precision","recall","F1","purity","cRand"
500,2,3,1.20885237782823,0.869286043647653,0.844073190135243,0.994376757263355,0.913080895008606,0.924466338259442,0.83712129356871
500,2,3,0.0240369104866444,0.751088166301988,0.887828162291169,0.995983935742972,0.938801261829653,0.938423645320197,0.882599147055846
500,2,3,0.0364161375711878,0.645127453922272,0.800408163265306,0.984932194876946,0.883134429182617,0.89,0.789887994242274
500,2,3,0.0748348982630914,0.811484624615972,0.791515151515152,0.982447342026078,0.876706198254643,0.876767676767677,0.777373737373737
500,2,3,0.0277207690904613,0.906465376488522,0.888163265306122,0.997707473635947,0.939753832865472,0.94,0.887137305858269
