"numMicroClusters","numMacroClusters","numClasses","SSQ","silhouette","precision","recall","F1","purity","cRand"
99,4,4,0.803904371246336,0.5915204920621,0.942880128720837,0.936102236421725,0.939478957915832,0.968046594982079,0.919087685371959
100,4,4,0.801809472798744,0.57889033471944,0.898170246618934,0.924651924651925,0.911218724778047,0.954044117647059,0.88158546300084
100,4,4,0.826871386951698,0.547531245902961,0.846026490066225,0.848132780082988,0.847078325735599,0.911835748792271,0.79779299839368
100,4,4,1.32915843359258,0.460272501445906,0.582474226804124,0.745259686727123,0.653887884267631,0.771927497789567,0.522541630894539
100,4,4,0.883890081168586,0.551636350192501,0.891466445733223,0.88559670781893,0.888521882741536,0.937880434782609,0.8524164935749
