"numMicroClusters","numMacroClusters","numClasses","SSQ","silhouette","precision","recall","F1","purity","cRand"
99,4,4,0.804150818258986,0.5915204920621,0.942880128720837,0.936102236421725,0.939478957915832,0.968046594982079,0.919087685371959
100,4,4,0.801572216623231,0.57889033471944,0.898170246618934,0.924651924651925,0.911218724778047,0.954044117647059,0.88158546300084
100,4,4,0.827815118834444,0.547531245902961,0.846026490066225,0.848132780082988,0.847078325735599,0.911835748792271,0.79779299839368
100,4,4,0.899654174395701,0.514292559659626,0.830997526793075,0.830997526793075,0.830997526793075,0.899483970136144,0.77614068975802
100,4,4,0.883719583020031,0.551636350192501,0.891466445733223,0.88559670781893,0.888521882741536,0.937880434782609,0.8524164935749
