"numMicroClusters","numMacroClusters","numClasses","SSQ","silhouette","precision","recall","F1","purity","cRand"
50,4,4,0.826819762598053,0.5915204920621,0.942880128720837,0.936102236421725,0.939478957915832,0.968046594982079,0.919087685371959
49,4,4,0.824385648086536,0.568211558612021,0.887369267900241,0.903357903357903,0.895292207792208,0.939964157706093,0.860599817014747
50,4,4,0.82102481306407,0.54701986888286,0.842622950819672,0.853112033195021,0.847835051546392,0.91256157635468,0.798473004507064
50,4,4,0.94780291403723,0.494763819152049,0.855993563958166,0.877164056059357,0.866449511400651,0.928508771929825,0.822395922325891
50,4,4,0.938448190505692,0.552140590665084,0.926628194558945,0.925102880658436,0.925864909390445,0.959583333333333,0.901774995287184
