"numMicroClusters","numMacroClusters","numClasses","SSQ","silhouette","precision","recall","F1","purity","cRand"
100,4,4,0.801947078852492,0.5915204920621,0.942880128720837,0.936102236421725,0.939478957915832,0.968046594982079,0.919087685371959
100,4,4,0.774165819366871,0.586777030950743,0.887683965917893,0.938574938574939,0.912420382165605,0.963235294117647,0.88267334124992
100,4,4,0.784215324551388,0.554387430540959,0.860580912863071,0.860580912863071,0.860580912863071,0.919871794871795,0.815721099778958
100,4,4,0.889075803228689,0.514292559659626,0.830997526793075,0.830997526793075,0.830997526793075,0.899483970136144,0.77614068975802
100,4,4,0.874857844367729,0.554689376080541,0.910140148392416,0.908641975308642,0.909390444810544,0.94875,0.879947216462114
