"numMicroClusters","numMacroClusters","numClasses","SSQ","silhouette","precision","recall","F1","purity","cRand"
200,4,4,0.836944387612389,0.571611010354378,0.900651465798046,0.883386581469649,0.891935483870968,0.93431643625192,0.855821398512872
200,4,4,0.818097535135901,0.57889033471944,0.898170246618934,0.924651924651925,0.911218724778047,0.954044117647059,0.88158546300084
200,4,4,0.800486653084877,0.554387430540959,0.860580912863071,0.860580912863071,0.860580912863071,0.919871794871795,0.815721099778958
200,4,4,0.913911698546467,0.514292559659626,0.830997526793075,0.830997526793075,0.830997526793075,0.899483970136144,0.77614068975802
200,4,4,0.890606849431419,0.554689376080541,0.910140148392416,0.908641975308642,0.909390444810544,0.94875,0.879947216462114
