"numMicroClusters","numMacroClusters","numClasses","SSQ","silhouette","precision","recall","F1","purity","cRand"
100,4,4,0.801954611321308,0.5915204920621,0.942880128720837,0.936102236421725,0.939478957915832,0.968046594982079,0.919087685371959
100,4,4,1.24555310929201,0.488498345037351,0.634816753926702,0.794430794430794,0.705711167697345,0.851310969732022,0.594524154799217
100,4,4,0.797242840000425,0.549630090674331,0.870491803278688,0.881327800829875,0.875876288659794,0.936371100164204,0.835610770614163
100,4,4,0.889189231047025,0.514292559659626,0.830997526793075,0.830997526793075,0.830997526793075,0.899483970136144,0.77614068975802
100,4,4,1.34325509095146,0.449936854678656,0.577540106951872,0.711111111111111,0.637403172261158,0.778571428571429,0.50268137205302
