"numMicroClusters","numMacroClusters","numClasses","SSQ","silhouette","precision","recall","F1","purity","cRand"
50,4,4,1.24062437133526,0.446817094317852,0.624,0.685303514376997,0.653216596878569,0.815132783882784,0.528332278663062
49,4,4,0.836606509769217,0.56357504411035,0.865683865683866,0.865683865683866,0.865683865683866,0.91551724137931,0.821704246483008
50,4,4,0.787799021220205,0.551879538982437,0.858202802967848,0.863900414937759,0.861042183622829,0.921266233766234,0.816135055390531
50,4,4,0.95187262207184,0.504549162442934,0.775476387738194,0.77164056059357,0.773553719008264,0.871891996891997,0.70029228297376
50,4,4,0.913261320651835,0.539991166932246,0.870940882597835,0.860905349794239,0.865894039735099,0.929583333333333,0.822603605666332
