"numMicroClusters","numMacroClusters","numClasses","SSQ","silhouette","precision","recall","F1","purity","cRand"
100,4,4,1.22319937561816,0.52265951413574,0.690459849004804,0.803514376996805,0.742709486895533,0.819135581061693,0.646545278859553
96,4,4,1.1894015339716,0.575604828466671,0.887369267900241,0.903357903357903,0.895292207792208,0.939964157706093,0.860599817014747
100,4,4,0.841138115131314,0.557507015914825,0.874172185430464,0.876348547717842,0.875259013675922,0.930354267310789,0.835056077280482
100,4,4,0.908625088181507,0.514424918205177,0.805645161290323,0.823577906018137,0.814512841418671,0.898298516276666,0.753424252609176
100,4,4,0.907416748609436,0.551636350192501,0.891466445733223,0.88559670781893,0.888521882741536,0.937880434782609,0.8524164935749
