"numMicroClusters","numMacroClusters","numClasses","SSQ","silhouette","precision","recall","F1","purity","cRand"
99,4,4,0.870236067849737,0.587527457378993,0.937251787132645,0.942492012779553,0.939864595778574,0.970959595959596,0.919429025643657
100,4,4,1.61482486684237,0.558001562240936,0.666465621230398,0.904995904995905,0.767627648489059,0.808329584645374,0.675408690701842
100,4,4,0.829278181878332,0.550434532713167,0.875415282392027,0.874688796680498,0.875051888750519,0.93,0.834870346706329
100,4,4,0.941922082350799,0.50659363440251,0.749177631578947,0.751030502885408,0.750102923013586,0.853415435139573,0.668855596948223
99,4,4,0.922884539166154,0.547410190635926,0.907361455748553,0.902880658436214,0.905115511551155,0.948160535117057,0.874350646125729
