"numMicroClusters","numMacroClusters","numClasses","SSQ","silhouette","precision","recall","F1","purity","cRand"
99,4,4,0.986831657068291,0.568216767066347,0.895498392282958,0.889776357827476,0.892628205128205,0.937229437229437,0.856432051863678
100,4,4,0.841028981858465,0.578456666464753,0.8586017282011,0.895167895167895,0.876503608660786,0.936880827505828,0.83493987095299
100,4,4,0.866371441387307,0.544482607001902,0.858202802967848,0.863900414937759,0.861042183622829,0.923701298701299,0.816135055390531
100,4,4,1.0079526556713,0.488489560671222,0.715156130997715,0.774113767518549,0.743467933491686,0.875132275132275,0.655776412206351
100,4,4,0.90693928838003,0.548969597402258,0.872817955112219,0.864197530864197,0.86848635235732,0.927916666666667,0.825985732620959
