"numMicroClusters","numMacroClusters","numClasses","SSQ","silhouette","precision","recall","F1","purity","cRand"
50,4,4,1.28090119027291,0.446732982459634,0.625998547567175,0.688498402555911,0.655762647394446,0.813049450549451,0.531678393132349
50,4,4,0.80361108906744,0.568211558612021,0.887369267900241,0.903357903357903,0.895292207792208,0.939964157706093,0.860599817014747
50,4,4,0.847764034338349,0.551879538982437,0.858202802967848,0.863900414937759,0.861042183622829,0.921266233766234,0.816135055390531
50,4,4,0.937876180112486,0.503768299061746,0.806017418844022,0.83924154987634,0.822294022617124,0.904112052429668,0.763059006140231
50,4,4,0.942938958317733,0.552140590665084,0.926628194558945,0.925102880658436,0.925864909390445,0.959583333333333,0.901774995287184
