"numMicroClusters","numMacroClusters","numClasses","SSQ","silhouette","precision","recall","F1","purity","cRand"
99,4,4,0.869738404633761,0.587527457378993,0.937251787132645,0.942492012779553,0.939864595778574,0.970959595959596,0.919429025643657
100,4,4,0.843521240885082,0.57577110234161,0.878281622911695,0.904176904176904,0.891041162227603,0.944428733031674,0.854673068228303
100,4,4,0.829789710823457,0.550434532713167,0.875415282392027,0.874688796680498,0.875051888750519,0.93,0.834870346706329
100,4,4,1.66564286726752,0.483535524748167,0.546740467404674,0.732893652102226,0.626276858048609,0.672549019607843,0.480435725864516
99,4,4,0.915464858924957,0.548969597402258,0.872817955112219,0.864197530864197,0.86848635235732,0.927916666666667,0.825985732620959
