"numMicroClusters","numMacroClusters","numClasses","SSQ","silhouette","precision","recall","F1","purity","cRand"
100,4,4,0.828023195936215,0.5915204920621,0.942880128720837,0.936102236421725,0.939478957915832,0.968046594982079,0.919087685371959
100,4,4,0.830040265507013,0.573261902751109,0.876523151909017,0.883701883701884,0.880097879282219,0.92719298245614,0.840625067761451
100,4,4,0.78916934670377,0.557507015914825,0.874172185430464,0.876348547717842,0.875259013675922,0.930354267310789,0.835056077280482
100,4,4,0.89790830532688,0.514424918205177,0.805645161290323,0.823577906018137,0.814512841418671,0.898298516276666,0.753424252609176
100,4,4,0.900594610237515,0.551636350192501,0.891466445733223,0.88559670781893,0.888521882741536,0.937880434782609,0.8524164935749
