"numMicroClusters","numMacroClusters","numClasses","SSQ","silhouette","precision","recall","F1","purity","cRand"
99,4,4,1.46172197272627,0.577892792699009,0.684428656009473,0.92332268370607,0.786127167630058,0.818210678210678,0.698553369864573
100,4,4,0.892872152579563,0.586777030950743,0.887683965917893,0.938574938574939,0.912420382165605,0.963235294117647,0.88267334124992
100,4,4,1.20780783975321,0.530999255740923,0.621129326047359,0.84896265560166,0.717391304347826,0.88,0.606853676490151
100,4,4,0.957279425015301,0.499394250383136,0.757097791798107,0.791426215993405,0.773881499395405,0.861679454390452,0.698314419613631
99,4,4,1.53052128051395,0.527512430756784,0.612596553773024,0.848559670781893,0.711525189786059,0.771021021021021,0.596486147311517
