"numMicroClusters","numMacroClusters","numClasses","SSQ","silhouette","precision","recall","F1","purity","cRand"
99,4,4,1.38624583782968,0.581657432362163,0.67708959711365,0.899361022364217,0.772555746140652,0.803416882095088,0.680290436584239
100,4,4,1.43667066404084,0.55923513399522,0.669476219145093,0.910728910728911,0.771686328938237,0.81037851037851,0.680981039866057
100,4,4,1.38348554620106,0.586150925605427,0.65882996172772,1,0.794330916282136,0.84,0.70888966590358
100,4,4,1.43476177549639,0.56764722373993,0.655783065855008,0.976916735366859,0.78476821192053,0.822241940254363,0.695462980508306
100,4,4,1.56676339649929,0.516574746976776,0.612063867534004,0.851851851851852,0.712319339298004,0.772686798296554,0.597277815245286
