"numMicroClusters","numMacroClusters","numClasses","SSQ","silhouette","precision","recall","F1","purity","cRand"
50,4,4,0.872772848466399,0.587527457378993,0.937251787132645,0.942492012779553,0.939864595778574,0.970959595959596,0.919429025643657
49,4,4,1.31582634750104,0.517760439857754,0.653731343283582,0.896805896805897,0.75621546961326,0.897959183673469,0.658882267675954
50,4,4,0.786070059100058,0.551879538982437,0.858202802967848,0.863900414937759,0.861042183622829,0.921266233766234,0.816135055390531
50,4,4,1.00754922833881,0.48041651513257,0.735510204081633,0.742786479802143,0.739130434782609,0.862274220032841,0.653901332966882
50,4,4,0.907164340097279,0.539991166932246,0.870940882597835,0.860905349794239,0.865894039735099,0.929583333333333,0.822603605666332
