"numMicroClusters","numMacroClusters","numClasses","SSQ","silhouette","precision","recall","F1","purity","cRand"
99,4,4,1.3390101289714,0.474495352764032,0.655052264808362,0.750798722044728,0.699665053963528,0.861334359325125,0.588494768429478
100,4,4,1.32721423426325,0.482653772881595,0.649054142204827,0.814905814905815,0.722585330428468,0.856327399380805,0.617564022986204
100,4,4,0.82748324121064,0.552394341390626,0.858202802967848,0.863900414937759,0.861042183622829,0.921266233766234,0.816135055390531
100,4,4,0.998276024254779,0.495099498717031,0.724054706355591,0.741962077493817,0.732899022801303,0.839226633581472,0.644791844651783
99,4,4,1.53107046593327,0.527512430756784,0.612596553773024,0.848559670781893,0.711525189786059,0.771021021021021,0.596486147311517
