"numMicroClusters","numMacroClusters","numClasses","SSQ","silhouette","precision","recall","F1","purity","cRand"
493,4,4,0.874469346705136,0.571611010354378,0.900651465798046,0.883386581469649,0.891935483870968,0.93431643625192,0.855821398512872
500,4,4,0.833949834336918,0.57889033471944,0.898170246618934,0.924651924651925,0.911218724778047,0.954044117647059,0.88158546300084
500,4,4,0.808581493758648,0.547531245902961,0.846026490066225,0.848132780082988,0.847078325735599,0.911835748792271,0.79779299839368
500,4,4,0.933965010011754,0.504549162442934,0.775476387738194,0.77164056059357,0.773553719008264,0.871891996891997,0.70029228297376
500,4,4,0.909608732061661,0.547410190635926,0.907361455748553,0.902880658436214,0.905115511551155,0.948160535117057,0.874350646125729
