"numMicroClusters","numMacroClusters","numClasses","SSQ","silhouette","precision","recall","F1","purity","cRand"
100,4,4,0.817761643819248,0.5915204920621,0.942880128720837,0.936102236421725,0.939478957915832,0.968046594982079,0.919087685371959
100,4,4,1.26477003707937,0.497555661205627,0.642995480955455,0.815724815724816,0.71913357400722,0.866964285714286,0.612129994615686
100,4,4,0.794033701879026,0.557507015914825,0.874172185430464,0.876348547717842,0.875259013675922,0.930354267310789,0.835056077280482
100,4,4,1.30836345261201,0.468479699572892,0.576824583866837,0.742786479802143,0.649369369369369,0.789141414141414,0.515790847302429
100,4,4,1.34853345922992,0.457371473508883,0.585141354372124,0.732510288065844,0.650584795321637,0.794642857142857,0.519435533254732
