"numMicroClusters","numMacroClusters","numClasses","SSQ","silhouette","precision","recall","F1","purity","cRand"
49,4,4,1.27406065837193,0.444373075808307,0.665319865319865,0.789137380191693,0.721958348556814,0.763049450549451,0.616779131836036
50,4,4,0.817783339209586,0.56357504411035,0.865683865683866,0.865683865683866,0.865683865683866,0.91551724137931,0.821704246483008
50,4,4,0.797124504893707,0.551879538982437,0.858202802967848,0.863900414937759,0.861042183622829,0.921266233766234,0.816135055390531
50,4,4,1.26131569509966,0.518251913481335,0.617701290719115,0.828524319868096,0.707746478873239,0.866681455190772,0.59365627068931
50,4,4,1.38525821285927,0.44960326735124,0.583168967784352,0.730041152263375,0.648391812865497,0.797222222222222,0.516419438275159
