"numMicroClusters","numMacroClusters","numClasses","SSQ","silhouette","precision","recall","F1","purity","cRand"
100,4,4,0.900226392534475,0.549519048975368,0.833467417538214,0.827476038338658,0.830460921843687,0.895397022332506,0.773338350412837
100,4,4,1.31549602835676,0.499378435932251,0.634890965732087,0.834561834561835,0.721160651096957,0.867665086629617,0.612624127421099
100,4,4,0.826639986986471,0.550772467537998,0.906976744186046,0.906224066390041,0.906600249066002,0.95,0.876564212654232
100,4,4,0.965720904372623,0.501433667337702,0.768483943241225,0.848309975267931,0.806426332288401,0.905797101449275,0.739417769804857
100,4,4,0.946945319593947,0.53262234548925,0.881737731295253,0.902057613168724,0.891781936533767,0.944026013309135,0.856045026518021
