"numMicroClusters","numMacroClusters","numClasses","SSQ","silhouette","precision","recall","F1","purity","cRand"
500,4,4,0.834945165037591,0.589297658681927,0.9616,0.960063897763578,0.960831334932054,0.978298611111111,0.947584522793331
500,4,4,0.864000146904091,0.573261902751109,0.876523151909017,0.883701883701884,0.880097879282219,0.92719298245614,0.840625067761451
500,4,4,0.811850411434311,0.551541669178047,0.89045643153527,0.89045643153527,0.89045643153527,0.939903846153846,0.85520943554061
500,4,4,0.94180358627635,0.507890463735381,0.874896437448219,0.870568837592745,0.872727272727273,0.927880434782609,0.831551137145836
500,4,4,0.90585754144389,0.550856868556934,0.871287128712871,0.869135802469136,0.870210135970334,0.927901049475262,0.82805847500521
