"numMicroClusters","numMacroClusters","numClasses","SSQ","silhouette","precision","recall","F1","purity","cRand"
500,4,4,0.858959438456799,0.576092939121787,0.914703493095045,0.899361022364217,0.906967378171567,0.944435483870968,0.875825683998547
500,4,4,0.867613332182964,0.575604828466671,0.887369267900241,0.903357903357903,0.895292207792208,0.939964157706093,0.860599817014747
500,4,4,0.804940857091991,0.557507015914825,0.874172185430464,0.876348547717842,0.875259013675922,0.930354267310789,0.835056077280482
500,4,4,0.938663856539213,0.507890463735381,0.874896437448219,0.870568837592745,0.872727272727273,0.927880434782609,0.831551137145836
500,4,4,1.3530178461757,0.458756503386163,0.585141354372124,0.732510288065844,0.650584795321637,0.794642857142857,0.519435533254732
