"numMicroClusters","numMacroClusters","numClasses","SSQ","silhouette","precision","recall","F1","purity","cRand"
100,4,4,1.3688979159923,0.515680870804932,0.788655788655789,0.810702875399361,0.799527372981489,0.876217532467533,0.730396830441323
100,4,4,1.81127486468091,0.440630729269463,0.715033657442034,0.782964782964783,0.74745895230649,0.827157102157102,0.659715832870959
100,4,4,1.83261475428504,0.459567472464752,0.586415601882986,0.723651452282158,0.647845468053492,0.826028963414634,0.518299111143503
100,4,4,1.62003915852617,0.453770932914966,0.616576297443842,0.656224237427865,0.635782747603834,0.759166666666667,0.512632958768342
100,4,4,1.84976883020578,0.491082063712986,0.716547901821061,0.744855967078189,0.730427764326069,0.845117845117845,0.640470109307264
