"numMicroClusters","numMacroClusters","numClasses","SSQ","silhouette","precision","recall","F1","purity","cRand"
100,7,5,0.252945906659608,0.730572638787381,0.611607142857143,0.949504950495049,0.743987587276959,0.913174603174603,0.659465443091016
100,7,5,0.271581224787287,0.480442608352349,0.884964682139253,0.846525096525097,0.865318204242723,0.893589743589744,0.830664218303627
100,7,6,0.318374733067409,0.323475734109056,0.608923884514436,0.816901408450704,0.697744360902256,0.918543543543544,0.623485256152636
100,7,6,0.39578203758337,0.581466605896967,0.610252237591538,0.913520097442144,0.731707317073171,0.862484737484738,0.665107813757383
100,7,4,0.147401436260393,0.390199519185235,0.971624266144814,0.476945244956772,0.639819587628866,0.977633477633478,0.50184495866126
