"numMicroClusters","numMacroClusters","numClasses","SSQ","silhouette","precision","recall","F1","purity","cRand"
50,7,5,0.210989277102515,0.46168980976994,0.67304189435337,0.731683168316832,0.701138519924099,0.810631720430108,0.620465299684543
50,7,5,0.223295822757119,0.584763282387713,0.838679245283019,0.858108108108108,0.848282442748092,0.880596815020857,0.807540885793654
50,7,6,0.307903385685463,0.40156142511093,0.723258096172718,0.865023474178404,0.787814003206841,0.921689585369259,0.738853066428317
50,7,6,0.452625146231042,0.386812721365441,0.485225505443235,0.760048721071864,0.592311343141908,0.804421768707483,0.488815751983821
50,7,4,0.203021513478375,0.345796525040714,1,0.915465898174832,0.955867602808425,1,0.926194610376672
