"numMicroClusters","numMacroClusters","numClasses","SSQ","silhouette","precision","recall","F1","purity","cRand"
18,7,5,1.64623171081582,0.767601671289832,0.572532699167658,0.953465346534653,0.715453194650817,0.866382978723404,0.61807094450309
57,7,5,0.664741938141268,0.444748290092435,0.63008442056792,0.792471042471042,0.702009405728944,0.767948717948718,0.611392310678002
113,7,6,2.22006624604891,0.301433172529394,0.451986754966887,0.640845070422535,0.530097087378641,0.710398098633393,0.411247777250248
70,7,6,1.9822131557738,0.543645385867397,0.504373177842566,0.842874543239951,0.63109895120839,0.831687567887825,0.534491380787457
62,7,4,1.41549635459179,0.242144252615745,0.578743961352657,0.863112391930836,0.692886061307114,0.903589743589744,0.381367959499248
