"numMicroClusters","numMacroClusters","numClasses","SSQ","silhouette","precision","recall","F1","purity","cRand"
18,7,5,1.69685365579723,0.734641047436416,0.572278405710886,0.952475247524752,0.714975845410628,0.888652482269504,0.617459442630252
57,7,5,0.558343921600558,0.413138840736998,0.619448698315467,0.780888030888031,0.690862510674637,0.807854464376204,0.596730816751188
113,7,6,2.37408496062173,0.243038917567442,0.446808510638298,0.640845070422535,0.526518804243009,0.784009209744504,0.40604925799229
70,7,6,2.19814707422914,0.376492397354021,0.456117021276596,0.835566382460414,0.59010752688172,0.791363862618218,0.478122024758435
62,7,4,1.35370487320454,0.242144252615745,0.578743961352657,0.863112391930836,0.692886061307114,0.903589743589744,0.381367959499248
