"numMicroClusters","numMacroClusters","numClasses","SSQ","silhouette","precision","recall","F1","purity","cRand"
100,7,5,0.079197948312006,0.387300945452232,0.725094577553594,0.569306930693069,0.637825845812535,0.811950291523585,0.558602428789333
100,7,5,0.139438012470387,0.541007204814568,0.90032502708559,0.802123552123552,0.848392036753446,0.83835212406641,0.811146220342384
100,7,6,0.126403094205342,0.471688067496024,0.853917662682603,0.754694835680751,0.801246105919003,0.886061307113939,0.762963703521566
98,7,6,0.127467061479,0.53043548574675,0.764705882352941,0.791717417783191,0.777977259126272,0.880438175270108,0.732909137185034
100,7,4,0.103964112105303,0.415425676676622,0.968051118210863,0.436599423631124,0.601787487586892,0.980392156862745,0.460804527074271
