"numMicroClusters","numMacroClusters","numClasses","SSQ","silhouette","precision","recall","F1","purity","cRand"
98,7,5,0.0688242371673874,0.37182673398979,0.677749360613811,0.524752475247525,0.591517857142857,0.799734936709727,0.50301477486572
87,7,5,0.13844301425906,0.595997060617251,0.84995064165844,0.831081081081081,0.840409956076135,0.950141197062379,0.798765828395047
88,7,6,0.222741847025253,0.496492728625474,0.698487712665406,0.867370892018779,0.773821989528796,0.883031849103278,0.720531523322758
100,7,6,0.133825202833676,0.410848514887686,0.828947368421053,0.767356881851401,0.79696394686907,0.91656838173866,0.758445917698764
99,7,4,0.0899811064013305,0.347748870898379,0.949608062709966,0.407300672430355,0.570084033613445,0.976190476190476,0.424857723588314
