"numMicroClusters","numMacroClusters","numClasses","SSQ","silhouette","precision","recall","F1","purity","cRand"
100,7,5,0.0805406423017406,0.433741429478021,0.638364779874214,0.602970297029703,0.620162932790224,0.854550264550265,0.526256234989839
100,7,5,0.145575008115326,0.599972921556963,0.852661596958175,0.865830115830116,0.85919540229885,0.947513214754594,0.821563794162133
100,7,6,0.143374551702146,0.560251473147795,0.902582159624413,0.902582159624413,0.902582159624413,0.960996240601504,0.882328377291568
99,7,6,0.266500549754586,0.517995918511657,0.533169533169533,0.792935444579781,0.637610186092067,0.824977106227106,0.547946209671508
94,7,4,0.0978454075865808,0.298896985790046,0.948512585812357,0.398174831892411,0.560893098782138,0.976190476190476,0.415520832423652
