"numMicroClusters","numMacroClusters","numClasses","SSQ","silhouette","precision","recall","F1","purity","cRand"
98,7,5,0.131729050650177,0.673559995112227,0.553975436328378,0.848514851485148,0.670316777473602,0.884901150858598,0.562236878960913
100,7,5,0.148147083706698,0.641442580712661,0.908358509566969,0.870656370656371,0.889107934943322,0.950597022025593,0.860538133100528
99,7,6,0.143445117391244,0.570898478043384,0.898325358851675,0.881455399061033,0.889810426540284,0.963533834586466,0.867163098956349
99,7,6,0.144643741923826,0.549481116234685,0.806053811659193,0.875761266747868,0.839462930531232,0.924570828331333,0.805942846194398
100,7,4,0.108473308542449,0.474925836394062,0.986584107327141,0.459173871277618,0.626679777122255,0.989795918367347,0.490577575817703
