"numMicroClusters","numMacroClusters","numClasses","SSQ","silhouette","precision","recall","F1","purity","cRand"
49,7,5,0.0652645854865594,0.16486724019958,0.642949547218629,0.492079207920792,0.557487380818845,0.801587301587302,0.462370550039301
48,7,5,0.130779890520447,0.516722329240325,0.875725900116144,0.727799227799228,0.794939377965208,0.935490979608627,0.746843281456946
49,7,6,0.509549252660865,0.344465625126941,0.767749699157641,0.748826291079812,0.758169934640523,0.896699134199134,0.708647766408005
48,7,6,0.145158437249061,0.497417734200639,0.861313868613139,0.862362971985384,0.861838101034693,0.915576441102757,0.834346288127332
39,7,4,0.0889802640677745,0.301826801226671,0.938997821350762,0.41402497598463,0.574666666666667,0.96343537414966,0.427229219308039
