"numMicroClusters","numMacroClusters","numClasses","SSQ","silhouette","precision","recall","F1","purity","cRand"
100,7,5,0.11523078287084,0.6991496628748,0.571136827773996,0.830693069306931,0.676885841064945,0.898076259489303,0.573829467296239
93,7,5,0.152834599516336,0.644258188776808,0.900478468899522,0.908301158301158,0.904372897645363,0.918112751446085,0.878922675464096
100,7,6,0.144880081754911,0.570481197665477,0.919047619047619,0.906103286384977,0.912529550827423,0.969924812030075,0.894499455648297
99,7,6,0.16659384347809,0.545212596237345,0.819506726457399,0.890377588306943,0.853473438412143,0.93297418967587,0.822878743253796
98,7,4,0.170534176253147,0.676574726662688,1,0.99759846301633,0.998797787929791,1,0.997926861690766
