"numMicroClusters","numMacroClusters","numClasses","SSQ","silhouette","precision","recall","F1","purity","cRand"
50,7,5,0.0931196678603922,0.429225943361017,0.655592469545958,0.586138613861386,0.618923157344485,0.792526455026455,0.528003515890175
50,7,5,0.495821568585124,0.561704443552449,0.59592641261498,0.875482625482625,0.709147771696638,0.92763619359364,0.612684040285571
50,7,6,0.229086407588622,0.543048097748823,0.6985559566787,0.908450704225352,0.789795918367347,0.905856595511768,0.739005841846294
49,7,6,0.258877409169184,0.529852574057321,0.557391304347826,0.780755176613885,0.650431253170979,0.825832438238453,0.566537241918367
50,7,4,0.084073925195202,0.286788746124315,0.925667828106852,0.382804995196926,0.54162419300034,0.971428571428571,0.391990782549123
