"numMicroClusters","numMacroClusters","numClasses","SSQ","silhouette","precision","recall","F1","purity","cRand"
48,7,5,0.172809690463755,0.629479473666626,0.537798408488064,0.802970297029703,0.644162033359809,0.863926094169255,0.529068989609193
50,7,5,0.171275536485434,0.585867642306716,0.875373878364905,0.847490347490347,0.861206473761648,0.948587127158556,0.825217839820513
50,7,6,0.260566123395946,0.557072959449294,0.739410681399632,0.942488262910798,0.828689370485036,0.917648062809353,0.787744512277341
46,7,6,0.151680735861483,0.568482356121056,0.789529914529915,0.900121802679659,0.841206602162777,0.914096638655462,0.807122333084459
43,7,4,0.0894156277814923,0.373997919122413,0.973902728351127,0.39433237271854,0.561367521367521,0.993788819875776,0.420991825863486
