"numMicroClusters","numMacroClusters","numClasses","SSQ","silhouette","precision","recall","F1","purity","cRand"
38,7,5,0.109503433585655,0.190323863001871,0.57454128440367,0.496039603960396,0.532412327311371,0.811405261405261,0.423386979347299
37,7,5,0.177143357432984,0.60076795048273,0.890532544378698,0.871621621621622,0.880975609756098,0.969319040747612,0.849897321714854
50,7,6,0.348512830521615,0.499756403978239,0.618889809444905,0.876760563380282,0.725594949004371,0.883579917535775,0.656221351779315
44,7,6,0.150501052111056,0.410755772919791,0.754694835680751,0.783191230207065,0.768679019725045,0.835543308232384,0.721658220443377
47,7,4,0.112737033980632,0.247311079669299,0.915550978372812,0.426993275696446,0.582377988863413,0.963942307692308,0.4298320026929
