"numMicroClusters","numMacroClusters","numClasses","SSQ","silhouette","precision","recall","F1","purity","cRand"
99,7,5,0.0852155253176679,0.293257766683064,0.594771241830065,0.540594059405941,0.566390041493776,0.794110122681551,0.461819373566178
90,7,5,0.129594325240299,0.4942637019249,0.840217391304348,0.746138996138996,0.79038854805726,0.951688334135832,0.739003287053946
45,7,6,0.180787431579791,0.396692047078717,0.776931447225245,0.838028169014085,0.806324110671937,0.876266513865074,0.764203023300966
29,7,6,0.142422608967527,0.527023321132893,0.751418842224745,0.806333739342265,0.777908343125734,0.847614379084967,0.731868716411939
100,7,4,0.0905051149609173,0.27413962894302,0.921815889029004,0.351104707012488,0.508521739130435,0.963718820861678,0.360030809213997
