"numMicroClusters","numMacroClusters","numClasses","SSQ","silhouette","precision","recall","F1","purity","cRand"
74,7,5,0.0920170077663196,0.508959636625718,0.667695473251029,0.642574257425743,0.65489404641776,0.795169645169645,0.568548294607427
44,7,5,0.167540948684102,0.524410859683352,0.896587383660807,0.836872586872587,0.865701447828258,0.96617167293859,0.831688539804071
34,7,6,0.727756520150094,0.405459807728986,0.597392013039935,0.860328638497653,0.705146705146705,0.850917899304996,0.629968237522746
24,7,6,1.06896873988146,0.229955645360429,0.447407407407407,0.735688185140073,0.556425610317826,0.813340336134454,0.441150092323925
51,7,4,0.0975185827847268,0.289396848878728,0.902304147465438,0.470220941402498,0.618250710451531,0.975703324808184,0.46368800694704
