"numMicroClusters","numMacroClusters","numClasses","SSQ","silhouette","precision","recall","F1","purity","cRand"
97,7,5,0.11463671181389,0.6991496628748,0.571136827773996,0.830693069306931,0.676885841064945,0.898076259489303,0.573829467296239
47,7,5,0.147395608009582,0.551842521865162,0.843,0.813706563706564,0.828094302554027,0.958595977575983,0.783605205965377
45,7,6,0.244213141612967,0.543158495449027,0.687722419928826,0.907276995305164,0.782388663967611,0.898755509463314,0.729401731828916
92,7,6,0.147491110167247,0.476311713965992,0.773892773892774,0.808769792935445,0.790946992257296,0.841223155929038,0.748276422608746
99,7,4,0.11083922616749,0.257815118224505,0.944765045342127,0.550432276657061,0.695599393019727,0.94905869324474,0.55904522813904
