"numMicroClusters","numMacroClusters","numClasses","SSQ","silhouette","precision","recall","F1","purity","cRand"
47,7,5,0.119249591840629,0.301172565229126,0.626362735381566,0.625742574257426,0.626052501238237,0.851685118491841,0.530252505382818
42,7,5,0.151112508473196,0.535672240801192,0.919389978213508,0.814671814671815,0.863868986693961,0.965336251050537,0.830544989552398
40,7,6,0.441038562931372,0.46560597306237,0.541634241245136,0.816901408450704,0.651380439868975,0.864285714285714,0.560380806603318
44,7,6,0.166274824021315,0.557410109849716,0.786170212765957,0.900121802679659,0.839295854628052,0.916377551020408,0.804717939853376
45,7,4,0.0791645080041686,0.240411025254346,0.902792140641158,0.419308357348703,0.572646769432601,0.975468975468975,0.41714511580647
