"numMicroClusters","numMacroClusters","numClasses","SSQ","silhouette","precision","recall","F1","purity","cRand"
500,7,5,0.175953147937588,0.38012830052117,0.638255698711596,0.637623762376238,0.637939574046558,0.857106076880513,0.545184876072636
500,7,5,0.210678341641656,0.492688383628567,0.905905905905906,0.873552123552124,0.88943488943489,0.832700983227299,0.860839036590056
500,7,6,0.198372799951905,0.4305134891328,0.76502002670227,0.672535211267606,0.7158026233604,0.858351761757335,0.661247223874186
500,7,6,0.234734103699204,0.434733331580744,0.751655629139073,0.829476248477466,0.788650839606254,0.837433563168857,0.744122573041375
500,7,4,0.162386617053781,0.402424931158343,0.993059936908517,0.756003842459174,0.85846741205345,0.895833333333333,0.777604354679956
