"numMicroClusters","numMacroClusters","numClasses","SSQ","silhouette","precision","recall","F1","purity","cRand"
500,7,5,0.522340967668696,0.704846614462614,0.572360616844603,0.955445544554455,0.715875370919881,0.855066022544283,0.618521290852238
500,7,5,0.92468233797358,0.560668804331625,0.624288425047438,0.952702702702703,0.754298815437524,0.861923583662714,0.671136038307483
500,7,6,1.34504729075581,0.383635353862994,0.285079600148093,0.903755868544601,0.43343653250774,0.844304388422035,0.232617006008389
500,7,6,0.720746598497799,0.581466605896967,0.610252237591538,0.913520097442144,0.731707317073171,0.862484737484738,0.665107813757383
500,7,4,1.11625451022772,0.31299869363083,0.732765298218435,0.908741594620557,0.811320754716981,0.911274509803922,0.646868609829699
