"numMicroClusters","numMacroClusters","numClasses","SSQ","silhouette","precision","recall","F1","purity","cRand"
100,3,3,1.36383641994273,0.29716937772141,0.851897946484132,0.841943419434194,0.846891432106403,0.957317073170732,0.772648952167065
100,3,3,1.62463405720342,0.342674571131534,0.937540663630449,0.873862947240752,0.904582548650345,0.964285714285714,0.859386484768645
100,3,3,1.55910483597596,0.24219575457097,0.915956151035323,0.905478627332932,0.910687254011505,0.972916666666667,0.865972178752224
100,3,3,1.53280282443435,0.437551471941368,0.896485623003195,0.866584311303274,0.881281407035176,0.839015151515151,0.82502176590454
100,3,3,1.66160783719912,0.39473321556444,0.875731945348081,0.831377393452749,0.85297845373891,0.790056022408964,0.784244716541257
