"numMicroClusters","numMacroClusters","numClasses","SSQ","silhouette","precision","recall","F1","purity","cRand"
100,3,3,1.32090251431109,0.554383908863609,0.876363636363636,0.88929889298893,0.882783882783883,0.95,0.824817518248175
100,3,3,2.11144517264854,0.491058207132459,0.576907216494845,0.848392965433596,0.686794305351006,0.861538461538462,0.480944887066355
100,3,3,1.94407794439533,0.458843716496338,0.616309461578672,0.709813365442505,0.65976496922216,0.759808325846062,0.469033761767714
100,3,3,1.43890562095252,0.522883125983769,0.900984009840098,0.904879555281038,0.902927580893683,0.953159041394335,0.855595076090768
100,3,3,1.62485215922243,0.466479752587875,0.845690174804099,0.866584311303274,0.856009762050031,0.933333333333333,0.784748068453873
