"numMicroClusters","numMacroClusters","numClasses","SSQ","silhouette","precision","recall","F1","purity","cRand"
50,3,3,1.34195028673424,0.548401925577951,0.856712823600241,0.875153751537515,0.865835108001217,0.943089430894309,0.7991595975298
49,3,3,1.60617327384882,0.492441653690368,0.916615194564546,0.899939357186173,0.908200734394125,0.947916666666667,0.862971201437132
50,3,3,2.03107272430804,0.458843716496338,0.616309461578672,0.709813365442505,0.65976496922216,0.759808325846062,0.469033761767714
50,3,3,1.51525191970223,0.521288940747151,0.92041949413942,0.921556516368129,0.920987654320988,0.961624649859944,0.882549237654462
50,3,3,1.65106945097076,0.472842850116921,0.901780233271946,0.907350216182829,0.904556650246305,0.954954954954955,0.857954782133461
