"numMicroClusters","numMacroClusters","numClasses","SSQ","silhouette","precision","recall","F1","purity","cRand"
100,3,3,1.35482341329769,0.555358751165758,0.896404631322364,0.904674046740467,0.90052035506581,0.957264957264957,0.851524459632096
100,3,3,1.70360417274672,0.489232275913187,0.916615194564546,0.899939357186173,0.908200734394125,0.947916666666667,0.862971201437132
100,3,3,1.51720733653961,0.523061228837301,0.915985997666278,0.94521372667068,0.93037037037037,0.965350877192982,0.894368518522218
100,3,3,1.50462625446548,0.519614005583035,0.881812614819351,0.889437924644843,0.885608856088561,0.945151033386328,0.829653721743323
100,3,3,1.72235206253165,0.466479752587875,0.845690174804099,0.866584311303274,0.856009762050031,0.933333333333333,0.784748068453873
