"numMicroClusters","numMacroClusters","numClasses","SSQ","silhouette","precision","recall","F1","purity","cRand"
100,3,3,1.32078053205316,0.554383908863609,0.876363636363636,0.88929889298893,0.882783882783883,0.95,0.824817518248175
100,3,3,1.52435510157316,0.50654312762533,0.966891477621091,0.956337174044876,0.961585365853659,0.977011494252874,0.942552990422183
100,3,3,1.94407803809981,0.458843716496338,0.616309461578672,0.709813365442505,0.65976496922216,0.759808325846062,0.469033761767714
100,3,3,1.43891676980019,0.522883125983769,0.900984009840098,0.904879555281038,0.902927580893683,0.953159041394335,0.855595076090768
100,3,3,1.62486439404709,0.466479752587875,0.845690174804099,0.866584311303274,0.856009762050031,0.933333333333333,0.784748068453873
