"numMicroClusters","numMacroClusters","numClasses","SSQ","silhouette","precision","recall","F1","purity","cRand"
100,3,3,1.34583559808376,0.555358751165758,0.896404631322364,0.904674046740467,0.90052035506581,0.957264957264957,0.851524459632096
100,3,3,1.57164251925302,0.499417419418997,0.933374460209747,0.917525773195876,0.925382262996942,0.956989247311828,0.888583878775423
100,3,3,1.53487923185319,0.523061228837301,0.915985997666278,0.94521372667068,0.93037037037037,0.965350877192982,0.894368518522218
100,3,3,1.60197842705895,0.519614005583035,0.881812614819351,0.889437924644843,0.885608856088561,0.945151033386328,0.829653721743323
100,3,3,1.68780230745646,0.46837071189368,0.863995142683667,0.87893761581223,0.871402327005511,0.94017094017094,0.80809905079643
