"numMicroClusters","numMacroClusters","numClasses","SSQ","silhouette","precision","recall","F1","purity","cRand"
100,3,3,1.32909190467948,0.554383908863609,0.876363636363636,0.88929889298893,0.882783882783883,0.95,0.824817518248175
100,3,3,2.12894393515975,0.522860752083197,0.589764094362255,0.894481503941783,0.710843373493976,0.861538461538462,0.516845420304628
100,3,3,1.51686598121321,0.523061228837301,0.915985997666278,0.94521372667068,0.93037037037037,0.965350877192982,0.894368518522218
100,3,3,1.48444845660332,0.522883125983769,0.900984009840098,0.904879555281038,0.902927580893683,0.953159041394335,0.855595076090768
100,3,3,1.61887339883576,0.489873923161471,0.959802102659245,0.958616429894997,0.959208899876391,0.980095068330362,0.93940098794753
