"numMicroClusters","numMacroClusters","numClasses","SSQ","silhouette","precision","recall","F1","purity","cRand"
100,3,3,1.33636256672615,0.554383908863609,0.876363636363636,0.88929889298893,0.882783882783883,0.95,0.824817518248175
100,3,3,2.4394788965519,0.589618795493595,0.616448598130841,1,0.762719703977798,0.792307692307692,0.596340702531067
100,3,3,1.53404244406317,0.523061228837301,0.915985997666278,0.94521372667068,0.93037037037037,0.965350877192982,0.894368518522218
100,3,3,1.48877072177751,0.522883125983769,0.900984009840098,0.904879555281038,0.902927580893683,0.953159041394335,0.855595076090768
100,3,3,1.63807395191829,0.46837071189368,0.863995142683667,0.87893761581223,0.871402327005511,0.94017094017094,0.80809905079643
