"numMicroClusters","numMacroClusters","numClasses","SSQ","silhouette","precision","recall","F1","purity","cRand"
500,3,3,1.38181009639022,0.550060663204906,0.916768665850673,0.921279212792128,0.919018404907975,0.964912280701754,0.879259725745507
500,3,3,1.54401521908671,0.50654312762533,0.966891477621091,0.956337174044876,0.961585365853659,0.977011494252874,0.942552990422183
500,3,3,2.09749065088453,0.433103551852479,0.58320987654321,0.71101745936183,0.640803038524145,0.812121212121212,0.431027073485174
500,3,3,1.49491131946114,0.517016921806237,0.919285274183611,0.921556516368129,0.92041949413942,0.962121212121212,0.881669206363678
500,3,3,1.63550171619237,0.489286708972803,0.980210265924552,0.978999382334775,0.979604449938195,0.98989898989899,0.969700493973765
