"numMicroClusters","numMacroClusters","numClasses","SSQ","silhouette","precision","recall","F1","purity","cRand"
100,3,3,1.40539208050149,0.549044944752578,0.87812309567337,0.886223862238622,0.882154882154882,0.946512269092914,0.824113590641099
100,3,3,2.25088036380611,0.438604484854248,0.563065002152389,0.793208004851425,0.658610271903323,0.839767156862745,0.440656805342202
100,3,3,1.60553604566112,0.523061228837301,0.915985997666278,0.94521372667068,0.93037037037037,0.965350877192982,0.894368518522218
100,3,3,1.63168389748259,0.493222164164951,0.879488740109556,0.892526250772082,0.885959534028204,0.948717948717949,0.829923082081186
100,3,3,1.68244859118053,0.484744147255611,0.879657910812462,0.889437924644843,0.884520884520885,0.946039340776183,0.827931047425835
