"numMicroClusters","numMacroClusters","numClasses","SSQ","silhouette","precision","recall","F1","purity","cRand"
100,3,3,1.41452601064538,0.555358751165758,0.896404631322364,0.904674046740467,0.90052035506581,0.957264957264957,0.851524459632096
100,3,3,1.55818084597597,0.494336248170933,0.916615194564546,0.899939357186173,0.908200734394125,0.947916666666667,0.862971201437132
100,3,3,1.54137026467737,0.515050154640648,0.894402769763416,0.933172787477423,0.913376546847378,0.95742404792469,0.868218428701488
100,3,3,1.49143030188873,0.516170473026395,0.880441446965052,0.886967263743051,0.883692307692308,0.943650793650794,0.826851356085817
100,3,3,1.62726528521764,0.480783350103479,0.9211337030191,0.923409512044472,0.922270203578038,0.962962962962963,0.884421085285453
