"numMicroClusters","numMacroClusters","numClasses","SSQ","silhouette","precision","recall","F1","purity","cRand"
100,3,3,1.33540822382614,0.555358751165758,0.896404631322364,0.904674046740467,0.90052035506581,0.957264957264957,0.851524459632096
100,3,3,1.57208747403599,0.50654312762533,0.966891477621091,0.956337174044876,0.961585365853659,0.977011494252874,0.942552990422183
100,3,3,1.99309159022981,0.458717946198494,0.595733875063484,0.706201083684527,0.646280991735537,0.787878787878788,0.44381448161546
100,3,3,1.45378975586168,0.516482631284469,0.880441446965052,0.886967263743051,0.883692307692308,0.943650793650794,0.826851356085817
100,3,3,1.62115582105479,0.490247883783113,0.919285274183611,0.921556516368129,0.92041949413942,0.962121212121212,0.881669206363678
