"numMicroClusters","numMacroClusters","numClasses","SSQ","silhouette","precision","recall","F1","purity","cRand"
500,3,3,1.4369038760866,0.549044944752578,0.87812309567337,0.886223862238622,0.882154882154882,0.946512269092914,0.824113590641099
500,3,3,3.40763040206882,0.348440511855088,0.690054911531422,0.685870224378411,0.687956204379562,0.716216216216216,0.532785939659866
500,3,3,2.9277134296192,0.439860213669901,0.592496091714435,0.684527393136665,0.635195530726257,0.788027020731423,0.43022622258503
500,3,3,1.97905046645261,0.51834768097758,0.938964241676942,0.94070413835701,0.939833384757791,0.972222222222222,0.910549745832466
500,3,3,2.53862931312711,0.411153171763379,0.683564567769477,0.791229153798641,0.733466933867735,0.861481481481482,0.589350276208041
