"numMicroClusters","numMacroClusters","numClasses","SSQ","precision","purity","cRand"
9,2,3,1.95456695338274,0.422193603777635,0.757731958762887,0.0622346671861668
8,2,3,13.0210908703184,0.452135493372607,0.850340136054422,0.0528707539614241
4,2,3,7.78051108226296,0.437946992006731,0.785714285714286,0.0448689535031076
2,2,3,2.37432194678941,0.408369408369408,0.727272727272727,0.0202881985549251
2,2,3,14.3740480315079,0.845294370434035,0.949685534591195,0.843012702525424
