"numMicroClusters","numMacroClusters","numClasses","SSQ","silhouette","precision","recall","F1","purity","cRand"
50,2,3,0.594001787471731,0.182041588338429,0.789037309995394,0.859077231695085,0.822569027611044,0.87962962962963,0.694112336670513
50,2,3,0.679931974878666,0.374981248957763,0.845902975947819,0.959759481961147,0.899241603466956,0.946110386788353,0.811909774219819
50,2,3,0.126910636284742,0.267485090634897,0.772241992882562,0.619410085632731,0.687434002111932,0.896296296296296,0.497472959847225
50,2,3,0.762496796454959,0.0178242078697091,0.467765675596114,0.79809141135108,0.589829250185598,0.845528455284553,0.167703027736537
50,2,3,1.21684272180572,0.845171414425434,0.800081599347205,0.984932194876946,0.882935614588023,0.89015606242497,0.789499819185742
