"numMicroClusters","numMacroClusters","numClasses","SSQ","precision","purity","cRand"
53,1,3,2.34122323804186,0.45609871855719,0.709239130434783,0.159605083765148
44,1,3,12.3614939830298,0.452250736222129,0.775510204081633,0.0532759990127143
160,1,3,8.05585634034222,0.464204286365709,0.714539007092199,0.125588512447598
147,1,3,1.55207994349851,0.466777408637874,0.744565217391304,0.193270823235568
100,1,3,25.1263268709078,0.455778468493925,0.559177888022679,0.14128254355291
