"numMicroClusters","numMacroClusters","numClasses","SSQ","precision","purity","cRand"
9,1,3,1.98289123994551,0.422193603777635,0.757731958762887,0.0622346671861668
8,1,3,13.0674286182115,0.444238301381159,0.772727272727273,0.0261144018331963
4,1,3,8.01521422938937,0.437946992006731,0.785714285714286,0.0448689535031076
2,1,3,2.23597931470608,0.408369408369408,0.727272727272727,0.0202881985549251
2,1,3,28.1765977746259,0.422193603777635,0.731958762886598,0.0641238278575924
