"numMicroClusters","numMacroClusters","numClasses","SSQ","silhouette","precision","recall","F1","purity","cRand"
100,2,3,0.732038916335971,0.618292628621141,0.795685795685796,0.980441323971916,0.878454279937093,0.927318295739348,0.781104753385134
100,2,3,0.823336370637173,0.727595222996187,0.845110928512736,0.951433857539315,0.895126196692776,0.779597701149425,0.804843678633266
100,2,3,0.159847862995561,0.435763267796166,0.763764705882353,0.772121788772598,0.76792051100071,0.843290043290043,0.595005066658883
100,2,3,1.07962534324811,-0.198660197990219,0.444858420268256,0.899547965846308,0.595313279042712,0.659259259259259,0.123566872867406
100,2,3,1.34274666895356,0.516187191061345,0.785814279048063,0.845806127574083,0.814707305273343,0.873685837971552,0.682167640664101
