"numMicroClusters","numMacroClusters","numClasses","SSQ","precision","purity","cRand"
1,1,3,2.11085029475995,0.402828282828283,0.5,0
1,1,3,13.6553306390003,0.436767676767677,0.54,0
1,1,3,8.35600226669725,0.424646464646465,0.56,0
1,1,3,2.11537680529784,0.402222222222222,0.45,0
1,1,3,28.0335485801977,0.402222222222222,0.45,0
