"numMicroClusters","numMacroClusters","numClasses","SSQ","silhouette","precision","recall","F1","purity","cRand"
53,2,3,2.46101855744429,0.572044659441629,0.756862745098039,0.9679037111334,0.849471830985915,0.879166666666667,0.725254394079556
44,2,3,12.0101450653751,0.843518604736856,0.848281311734492,0.993061979648474,0.91497975708502,0.921041752790409,0.839247858550813
160,2,3,5.04454665635471,0.831819021965016,0.775700934579439,0.987155090390105,0.868746074942432,0.887912087912088,0.749714728094545
147,2,3,1.4204800062288,0.72232787561098,0.415018931426167,0.990959316926168,0.585025945144552,0.729591836734694,0.041658614230215
100,2,3,14.3389350333699,0.833800312874371,0.799918500407498,0.985936715218483,0.883239595050619,0.891025641025641,0.789954510379512
