"numMicroClusters","numMacroClusters","numClasses","SSQ","silhouette","precision","recall","F1","purity","cRand"
9,2,3,1.95455255663351,0.69913579294884,0.422193603777635,0.986459378134403,0.591312189989478,0.757731958762887,0.0622346671861668
8,2,3,13.0211053336956,0.651734323486574,0.452250736222129,0.994449583718779,0.621746674378253,0.775510204081633,0.0532759990127143
4,2,3,7.78051162915823,0.329867387278115,0.437946992006731,0.990485252140818,0.607351225204201,0.785714285714286,0.0448689535031076
2,2,3,2.37432194678941,0.637030972655791,0.408369408369408,0.994977398292315,0.57907044723765,0.727272727272727,0.0202881985549251
2,2,3,14.3740480315079,0.836335303141757,0.799918666124441,0.987945755901557,0.884044943820225,0.892613408269771,0.791251251863186
