"numMicroClusters","numMacroClusters","numClasses","SSQ","precision","purity","cRand"
53,2,3,2.40899647009871,0.474962816063461,0.810185185185185,0.209497950986575
44,2,3,5.89864496494785,0.897865215571369,0.955179704016913,0.89408000745076
160,2,3,4.78667349033418,0.862745098039216,0.89281045751634,0.837104286822823
147,2,3,1.49571435867113,0.466777408637874,0.744565217391304,0.193270823235568
100,2,3,24.8948900028404,0.465721724038183,0.708273553323769,0.164615561513991
