"numMicroClusters","numMacroClusters","numClasses","SSQ","silhouette","precision","recall","F1","purity","cRand"
53,2,3,2.25061702388857,0.572044659441629,0.756862745098039,0.9679037111334,0.849471830985915,0.879166666666667,0.725254394079556
44,2,3,11.7656819504911,0.843518604736856,0.848281311734492,0.993061979648474,0.91497975708502,0.921041752790409,0.839247858550813
160,2,3,4.78667349033422,0.831819021965016,0.775700934579439,0.987155090390105,0.868746074942432,0.887912087912088,0.749714728094545
147,2,3,1.33711924636826,0.735760145513576,0.438212290502793,0.984932194876946,0.60655737704918,0.736842105263158,0.112386121341345
100,2,3,15.1498729400642,0.837414051477969,0.799918666124441,0.987945755901557,0.884044943820225,0.892613408269771,0.791251251863186
