"numMicroClusters","numMacroClusters","numClasses","SSQ","silhouette","precision","recall","F1","purity","cRand"
100,2,3,0.0357162088222181,0.592082164463692,0.780429594272076,0.9839518555667,0.870452528837622,0.883415435139573,0.764760796200238
100,2,3,0.041983183496597,0.856207565224529,0.848281311734492,0.993061979648474,0.91497975708502,0.921041752790409,0.839247858550813
100,2,3,0.0433359610665302,0.834330827348686,0.782312925170068,0.984776403425309,0.871946082561078,0.881944444444444,0.756874970918059
99,2,3,0.0304778889436455,0.616994466376211,0.801548492257539,0.987945755901557,0.88503937007874,0.891826923076923,0.79319220578792
100,2,3,0.107944911351735,0.845171414425434,0.800081599347205,0.984932194876946,0.882935614588023,0.89015606242497,0.789499819185742
