"numMicroClusters","numMacroClusters","numClasses","SSQ","silhouette","precision","recall","F1","purity","cRand"
100,2,3,0.588869882132541,0.754106721978453,0.446420428636571,0.981945837512538,0.613793103448276,0.765957446808511,0.134342188639136
99,2,3,0.0425713732809922,0.856207565224529,0.848281311734492,0.993061979648474,0.91497975708502,0.921041752790409,0.839247858550813
100,2,3,0.0309336707009351,0.834330827348686,0.782312925170068,0.984776403425309,0.871946082561078,0.881944444444444,0.756874970918059
100,2,3,0.0323320959740134,0.616994466376211,0.801548492257539,0.987945755901557,0.88503937007874,0.891826923076923,0.79319220578792
100,2,3,0.116394455469024,0.845171414425434,0.800081599347205,0.984932194876946,0.882935614588023,0.89015606242497,0.789499819185742
