"numMicroClusters","numMacroClusters","numClasses","SSQ","silhouette","precision","recall","F1","purity","cRand"
100,2,3,0.0924062640015486,0.601545829652117,0.787610619469027,0.981945837512538,0.874107142857143,0.878246753246753,0.772317872239646
99,2,3,0.0776378758294495,0.856207565224529,0.848281311734492,0.993061979648474,0.91497975708502,0.921041752790409,0.839247858550813
100,2,3,0.0601672805090061,0.834330827348686,0.782312925170068,0.984776403425309,0.871946082561078,0.881944444444444,0.756874970918059
100,2,3,0.577931038367639,0.745743095794663,0.422193603777635,0.987945755901557,0.591578947368421,0.731958762886598,0.0641238278575924
100,2,3,0.257846287479091,0.845171414425434,0.800081599347205,0.984932194876946,0.882935614588023,0.89015606242497,0.789499819185742
