"numMicroClusters","numMacroClusters","numClasses","SSQ","silhouette","precision","recall","F1","purity","cRand"
200,2,3,0.599700014028011,0.754106721978453,0.446420428636571,0.981945837512538,0.613793103448276,0.765957446808511,0.134342188639136
200,2,3,0.0964766901513082,0.856207565224529,0.848281311734492,0.993061979648474,0.91497975708502,0.921041752790409,0.839247858550813
200,2,3,0.0409428185358322,0.834330827348686,0.782312925170068,0.984776403425309,0.871946082561078,0.881944444444444,0.756874970918059
200,2,3,0.0802651491387817,0.614655532382853,0.802358682391216,0.990959316926168,0.886741573033708,0.893817743877961,0.796105873912879
200,2,3,0.318052855858191,0.845171414425434,0.800081599347205,0.984932194876946,0.882935614588023,0.89015606242497,0.789499819185742
