"numMicroClusters","numMacroClusters","numClasses","SSQ","silhouette","precision","recall","F1","purity","cRand"
50,2,3,0.142592476956721,0.587568471905713,0.777163176610036,0.986459378134403,0.86939226519337,0.887143447705663,0.762257537958583
50,2,3,0.127580559999851,0.856207565224529,0.848281311734492,0.993061979648474,0.91497975708502,0.921041752790409,0.839247858550813
49,2,3,0.139232420696816,0.832841366844661,0.789232531500573,0.983349191246432,0.875661936030502,0.876876876876877,0.764889825558956
48,2,3,0.122981806666585,0.616994466376211,0.801548492257539,0.987945755901557,0.88503937007874,0.891826923076923,0.79319220578792
49,2,3,0.436275157389774,0.844146807753446,0.800408163265306,0.984932194876946,0.883134429182617,0.89,0.789887994242274
