"numMicroClusters","numMacroClusters","numClasses","SSQ","silhouette","precision","recall","F1","purity","cRand"
100,2,3,0.134834531368231,0.587568471905713,0.777163176610036,0.986459378134403,0.86939226519337,0.887143447705663,0.762257537958583
100,2,3,0.0748248140262972,0.856207565224529,0.848281311734492,0.993061979648474,0.91497975708502,0.921041752790409,0.839247858550813
100,2,3,0.0857042657993185,0.834330827348686,0.782312925170068,0.984776403425309,0.871946082561078,0.881944444444444,0.756874970918059
99,2,3,0.576793369547825,0.696177163233143,0.447104423164615,0.984932194876946,0.61502273796456,0.73936170212766,0.138205407834198
100,2,3,0.2200609983485,0.845171414425434,0.800081599347205,0.984932194876946,0.882935614588023,0.89015606242497,0.789499819185742
