"numMicroClusters","numMacroClusters","numClasses","SSQ","silhouette","precision","recall","F1","purity","cRand"
88,2,3,0.123798750868952,0.601545829652117,0.787610619469027,0.981945837512538,0.874107142857143,0.878246753246753,0.772317872239646
47,2,3,0.0645956062755999,0.852509869142424,0.843137254901961,0.994449583718779,0.912563667232598,0.925,0.834170854271357
31,2,3,0.0736738858990763,0.834330827348686,0.782312925170068,0.984776403425309,0.871946082561078,0.881944444444444,0.756874970918059
99,2,3,0.587225664313781,0.716604129219951,0.429916776171704,0.985936715218483,0.598749428092115,0.734375,0.0876958570087798
82,2,3,0.191988179565559,0.845171414425434,0.800081599347205,0.984932194876946,0.882935614588023,0.89015606242497,0.789499819185742
