"numMicroClusters","numMacroClusters","numClasses","SSQ","silhouette","precision","recall","F1","purity","cRand"
49,2,3,0.158128564303811,0.569317323330766,0.774117647058824,0.989969909729188,0.868838028169014,0.891666666666667,0.760601781975753
49,2,3,0.105846609364045,0.856207565224529,0.848281311734492,0.993061979648474,0.91497975708502,0.921041752790409,0.839247858550813
49,2,3,0.0972950287570131,0.832841366844661,0.789232531500573,0.983349191246432,0.875661936030502,0.876876876876877,0.764889825558956
49,2,3,0.587823181659922,0.739015465712831,0.456617818097232,0.985936715218483,0.624165341812401,0.741935483870968,0.165163836008607
50,2,3,0.514445553968448,0.844146807753446,0.800408163265306,0.984932194876946,0.883134429182617,0.89,0.789887994242274
