"numMicroClusters","numMacroClusters","numClasses","SSQ","silhouette","precision","recall","F1","purity","cRand"
97,2,3,0.082529021608135,0.601545829652117,0.787610619469027,0.981945837512538,0.874107142857143,0.878246753246753,0.772317872239646
54,2,3,0.057975210206277,0.852509869142424,0.843137254901961,0.994449583718779,0.912563667232598,0.925,0.834170854271357
32,2,3,0.0697150115015844,0.831819021965016,0.775700934579439,0.987155090390105,0.868746074942432,0.887912087912088,0.749714728094545
88,2,3,0.121870708447724,0.616994466376211,0.801548492257539,0.987945755901557,0.88503937007874,0.891826923076923,0.79319220578792
54,2,3,0.447914091122608,0.826630531624131,0.800081599347205,0.984932194876946,0.882935614588023,0.89015606242497,0.789499819185742
