"numMicroClusters","numMacroClusters","numClasses","SSQ","silhouette","precision","recall","F1","purity","cRand"
45,2,3,0.0668483992491366,0.601545829652117,0.787610619469027,0.981945837512538,0.874107142857143,0.878246753246753,0.772317872239646
49,2,3,0.0428518734764439,0.852509869142424,0.843137254901961,0.994449583718779,0.912563667232598,0.925,0.834170854271357
48,2,3,0.025575832316609,0.831819021965016,0.775700934579439,0.987155090390105,0.868746074942432,0.887912087912088,0.749714728094545
34,2,3,1.37510423581043,0.728762524724323,0.408369408369408,0.994977398292315,0.57907044723765,0.727272727272727,0.0202881985549251
51,2,3,0.299860857957149,0.826630531624131,0.800081599347205,0.984932194876946,0.882935614588023,0.89015606242497,0.789499819185742
