"numMicroClusters","numMacroClusters","numClasses","SSQ","silhouette","precision","recall","F1","purity","cRand"
99,2,3,0.145323734816897,0.601545829652117,0.787610619469027,0.981945837512538,0.874107142857143,0.878246753246753,0.772317872239646
100,2,3,0.0498324158000786,0.856207565224529,0.848281311734492,0.993061979648474,0.91497975708502,0.921041752790409,0.839247858550813
100,2,3,0.064417565733594,0.831819021965016,0.775700934579439,0.987155090390105,0.868746074942432,0.887912087912088,0.749714728094545
99,2,3,0.0562360472837335,0.616994466376211,0.801548492257539,0.987945755901557,0.88503937007874,0.891826923076923,0.79319220578792
100,2,3,0.243100870228749,0.833698620982536,0.800408163265306,0.984932194876946,0.883134429182617,0.89,0.789887994242274
