"numMicroClusters","numMacroClusters","numClasses","SSQ","silhouette","precision","recall","F1","purity","cRand"
96,2,3,0.580103401299365,0.593523577475284,0.795620437956204,0.9839518555667,0.879820627802691,0.876006441223833,0.783281187513233
53,2,3,0.186941874453996,0.852509869142424,0.843137254901961,0.994449583718779,0.912563667232598,0.925,0.834170854271357
32,2,3,0.0434779689983586,0.831819021965016,0.775700934579439,0.987155090390105,0.868746074942432,0.887912087912088,0.749714728094545
87,2,3,0.586032770713394,0.716604129219951,0.429916776171704,0.985936715218483,0.598749428092115,0.734375,0.0876958570087798
54,2,3,14.0631757354631,0.491065743451581,0.429916776171704,0.985936715218483,0.598749428092115,0.734375,0.0876958570087798
