"numMicroClusters","numMacroClusters","numClasses","SSQ","silhouette","precision","recall","F1","purity","cRand"
59,2,3,0.109696880005429,0.593523577475284,0.795620437956204,0.9839518555667,0.879820627802691,0.876006441223833,0.783281187513233
48,2,3,0.0520756584008683,0.852509869142424,0.843137254901961,0.994449583718779,0.912563667232598,0.925,0.834170854271357
61,2,3,0.180001865949182,0.831819021965016,0.775700934579439,0.987155090390105,0.868746074942432,0.887912087912088,0.749714728094545
84,2,3,0.127059787716715,0.616994466376211,0.801548492257539,0.987945755901557,0.88503937007874,0.891826923076923,0.79319220578792
75,2,3,0.162773847343769,0.845171414425434,0.800081599347205,0.984932194876946,0.882935614588023,0.89015606242497,0.789499819185742
