"numMicroClusters","numMacroClusters","numClasses","SSQ","silhouette","precision","recall","F1","purity","cRand"
50,2,3,0.0806349434470194,0.601545829652117,0.787610619469027,0.981945837512538,0.874107142857143,0.878246753246753,0.772317872239646
49,2,3,0.125107890235784,0.852509869142424,0.843137254901961,0.994449583718779,0.912563667232598,0.925,0.834170854271357
50,2,3,0.0227675099675703,0.831819021965016,0.775700934579439,0.987155090390105,0.868746074942432,0.887912087912088,0.749714728094545
49,2,3,0.0902587881985453,0.603509126187645,0.784985720114239,0.966348568558513,0.866276452048627,0.880752300920368,0.759544024223713
50,2,3,0.186277614978571,0.826630531624131,0.800081599347205,0.984932194876946,0.882935614588023,0.89015606242497,0.789499819185742
