"numMicroClusters","numMacroClusters","numClasses","SSQ","silhouette","precision","recall","F1","purity","cRand"
107,2,3,0.968906010289275,0.754106721978453,0.446420428636571,0.981945837512538,0.613793103448276,0.765957446808511,0.134342188639136
53,2,3,0.190507286499342,0.852509869142424,0.843137254901961,0.994449583718779,0.912563667232598,0.925,0.834170854271357
31,2,3,0.137616625207009,0.831819021965016,0.775700934579439,0.987155090390105,0.868746074942432,0.887912087912088,0.749714728094545
104,2,3,0.58288575174896,0.716604129219951,0.429916776171704,0.985936715218483,0.598749428092115,0.734375,0.0876958570087798
51,2,3,0.442566661869101,0.826630531624131,0.800081599347205,0.984932194876946,0.882935614588023,0.89015606242497,0.789499819185742
