"numMicroClusters","numMacroClusters","numClasses","SSQ","silhouette","precision","recall","F1","purity","cRand"
105,2,3,0.872534468627917,0.582452111397377,0.799918666124441,0.986459378134403,0.883449359982035,0.875953432356483,0.790039243672164
50,2,3,0.133875566628353,0.852509869142424,0.843137254901961,0.994449583718779,0.912563667232598,0.925,0.834170854271357
31,2,3,0.137730040651819,0.831819021965016,0.775700934579439,0.987155090390105,0.868746074942432,0.887912087912088,0.749714728094545
119,2,3,0.450771084782535,0.600999786294784,0.786471067644662,0.969362129583124,0.868391451068616,0.882211538461538,0.763243523260143
87,2,3,0.39975172126656,0.845171414425434,0.800081599347205,0.984932194876946,0.882935614588023,0.89015606242497,0.789499819185742
