"numMicroClusters","numMacroClusters","numClasses","SSQ","silhouette","precision","recall","F1","purity","cRand"
41,2,3,0.956920632666815,0.738039203241666,0.40878169449598,0.994483450351053,0.579401022644266,0.752525252525253,0.0196679333687466
53,2,3,0.122382177997833,0.852509869142424,0.843137254901961,0.994449583718779,0.912563667232598,0.925,0.834170854271357
29,2,3,0.531047169204169,0.834330827348686,0.782312925170068,0.984776403425309,0.871946082561078,0.881944444444444,0.756874970918059
99,2,3,0.583993167024282,0.716604129219951,0.429916776171704,0.985936715218483,0.598749428092115,0.734375,0.0876958570087798
52,2,3,0.816280693235497,0.826630531624131,0.800081599347205,0.984932194876946,0.882935614588023,0.89015606242497,0.789499819185742
