"numMicroClusters","numMacroClusters","numClasses","SSQ","silhouette","precision","recall","F1","purity","cRand"
49,2,3,0.108316558276278,0.593523577475284,0.795620437956204,0.9839518555667,0.879820627802691,0.876006441223833,0.783281187513233
50,2,3,0.147015672517946,0.852509869142424,0.843137254901961,0.994449583718779,0.912563667232598,0.925,0.834170854271357
49,2,3,0.0926993719059334,0.831819021965016,0.775700934579439,0.987155090390105,0.868746074942432,0.887912087912088,0.749714728094545
49,2,3,0.468296967019929,0.616994466376211,0.801548492257539,0.987945755901557,0.88503937007874,0.891826923076923,0.79319220578792
50,2,3,0.730533732984348,0.826630531624131,0.800081599347205,0.984932194876946,0.882935614588023,0.89015606242497,0.789499819185742
