"numMicroClusters","numMacroClusters","numClasses","SSQ","silhouette","precision","recall","F1","purity","cRand"
99,2,3,0.927982606000854,0.717976585772158,0.415229280605806,0.989969909729188,0.5850622406639,0.755102040816326,0.0404086280695846
49,2,3,0.144989181323292,0.852509869142424,0.843137254901961,0.994449583718779,0.912563667232598,0.925,0.834170854271357
29,2,3,0.32752057160943,0.831819021965016,0.775700934579439,0.987155090390105,0.868746074942432,0.887912087912088,0.749714728094545
82,2,3,0.613162486908178,0.716604129219951,0.429916776171704,0.985936715218483,0.598749428092115,0.734375,0.0876958570087798
100,2,3,0.452152244673478,0.845171414425434,0.800081599347205,0.984932194876946,0.882935614588023,0.89015606242497,0.789499819185742
