"numMicroClusters","numMacroClusters","numClasses","SSQ","silhouette","precision","recall","F1","purity","cRand"
48,2,3,0.429367344151812,0.593523577475284,0.795620437956204,0.9839518555667,0.879820627802691,0.876006441223833,0.783281187513233
47,2,3,0.175258746580172,0.852509869142424,0.843137254901961,0.994449583718779,0.912563667232598,0.925,0.834170854271357
60,2,3,0.736612720812703,0.831819021965016,0.775700934579439,0.987155090390105,0.868746074942432,0.887912087912088,0.749714728094545
35,2,3,1.57243357064962,0.728762524724323,0.408369408369408,0.994977398292315,0.57907044723765,0.727272727272727,0.0202881985549251
52,2,3,0.855306837615868,0.826630531624131,0.800081599347205,0.984932194876946,0.882935614588023,0.89015606242497,0.789499819185742
