"numMicroClusters","numMacroClusters","numClasses","SSQ","silhouette","precision","recall","F1","purity","cRand"
89,2,3,0.202133337962237,0.587568471905713,0.777163176610036,0.986459378134403,0.86939226519337,0.887143447705663,0.762257537958583
46,2,3,0.174602253738101,0.852509869142424,0.843137254901961,0.994449583718779,0.912563667232598,0.925,0.834170854271357
94,2,3,4.80123843084588,0.478167354225031,0.480809490579204,0.983349191246432,0.64583658803312,0.801075268817204,0.175603296925629
94,2,3,0.362140312115733,0.614655532382853,0.802358682391216,0.990959316926168,0.886741573033708,0.893817743877961,0.796105873912879
82,2,3,0.515718617907973,0.845171414425434,0.800081599347205,0.984932194876946,0.882935614588023,0.89015606242497,0.789499819185742
