"numMicroClusters","numMacroClusters","numClasses","SSQ","silhouette","precision","recall","F1","purity","cRand"
42,2,3,0.663854831963435,0.754106721978453,0.446420428636571,0.981945837512538,0.613793103448276,0.765957446808511,0.134342188639136
43,2,3,0.224950024549708,0.852509869142424,0.843137254901961,0.994449583718779,0.912563667232598,0.925,0.834170854271357
56,2,3,0.567444122700443,0.831819021965016,0.775700934579439,0.987155090390105,0.868746074942432,0.887912087912088,0.749714728094545
36,2,3,0.351973033705125,0.616994466376211,0.801548492257539,0.987945755901557,0.88503937007874,0.891826923076923,0.79319220578792
45,2,3,1.22014652582538,0.837414051477969,0.799918666124441,0.987945755901557,0.884044943820225,0.892613408269771,0.791251251863186
