"numMicroClusters","numMacroClusters","numClasses","SSQ","silhouette","precision","recall","F1","purity","cRand"
99,2,3,0.59505454295567,0.754106721978453,0.446420428636571,0.981945837512538,0.613793103448276,0.765957446808511,0.134342188639136
58,2,3,0.151866291122732,0.852509869142424,0.843137254901961,0.994449583718779,0.912563667232598,0.925,0.834170854271357
31,2,3,0.0241398231537019,0.834330827348686,0.782312925170068,0.984776403425309,0.871946082561078,0.881944444444444,0.756874970918059
85,2,3,0.582942055629237,0.716604129219951,0.429916776171704,0.985936715218483,0.598749428092115,0.734375,0.0876958570087798
91,2,3,0.431203349229857,0.845171414425434,0.800081599347205,0.984932194876946,0.882935614588023,0.89015606242497,0.789499819185742
