"numMicroClusters","numMacroClusters","numClasses","SSQ","silhouette","precision","recall","F1","purity","cRand"
100,2,3,0.806682884310037,0.582452111397377,0.799918666124441,0.986459378134403,0.883449359982035,0.875953432356483,0.790039243672164
53,2,3,0.122881903331313,0.852509869142424,0.843137254901961,0.994449583718779,0.912563667232598,0.925,0.834170854271357
31,2,3,0.0241536660371008,0.834330827348686,0.782312925170068,0.984776403425309,0.871946082561078,0.881944444444444,0.756874970918059
100,2,3,0.40528660647754,0.600999786294784,0.786471067644662,0.969362129583124,0.868391451068616,0.882211538461538,0.763243523260143
82,2,3,0.446306867372393,0.845171414425434,0.800081599347205,0.984932194876946,0.882935614588023,0.89015606242497,0.789499819185742
