"numMicroClusters","numMacroClusters","numClasses","SSQ","silhouette","precision","recall","F1","purity","cRand"
495,2,3,0.485697989550698,0.592082164463692,0.780429594272076,0.9839518555667,0.870452528837622,0.883415435139573,0.764760796200238
500,2,3,0.5777815228204,0.856207565224529,0.848281311734492,0.993061979648474,0.91497975708502,0.921041752790409,0.839247858550813
500,2,3,0.336981259317648,0.834330827348686,0.782312925170068,0.984776403425309,0.871946082561078,0.881944444444444,0.756874970918059
500,2,3,0.433364102220051,0.616994466376211,0.801548492257539,0.987945755901557,0.88503937007874,0.891826923076923,0.79319220578792
500,2,3,1.08952034603075,0.845171414425434,0.800081599347205,0.984932194876946,0.882935614588023,0.89015606242497,0.789499819185742
