"numMicroClusters","numMacroClusters","numClasses","SSQ","silhouette","precision","recall","F1","purity","cRand"
500,2,3,3.93825502411552,0.587568471905713,0.777163176610036,0.986459378134403,0.86939226519337,0.887143447705663,0.762257537958583
500,2,3,6.94812439390884,0.5901648073357,0.479776536312849,0.993061979648474,0.646979056802772,0.784210526315789,0.141106770592265
500,2,3,2.60301569817477,0.794316496856935,0.81983405768471,0.987155090390105,0.895747895532053,0.864820173625465,0.8055116779221
500,2,3,1.72139625685001,0.72232787561098,0.415018931426167,0.990959316926168,0.585025945144552,0.729591836734694,0.041658614230215
500,2,3,16.5079465999161,0.837414051477969,0.799918666124441,0.987945755901557,0.884044943820225,0.892613408269771,0.791251251863186
