"numMicroClusters","numMacroClusters","numClasses","SSQ","silhouette","precision","recall","F1","purity","cRand"
50,2,3,0.351566399556197,0.593523577475284,0.795620437956204,0.9839518555667,0.879820627802691,0.876006441223833,0.783281187513233
49,2,3,0.159588037804256,0.852509869142424,0.843137254901961,0.994449583718779,0.912563667232598,0.925,0.834170854271357
50,2,3,0.0352010766659887,0.831819021965016,0.775700934579439,0.987155090390105,0.868746074942432,0.887912087912088,0.749714728094545
49,2,3,0.253329682410298,0.603509126187645,0.784985720114239,0.966348568558513,0.866276452048627,0.880752300920368,0.759544024223713
50,2,3,0.468302432760204,0.826630531624131,0.800081599347205,0.984932194876946,0.882935614588023,0.89015606242497,0.789499819185742
