"numMicroClusters","numMacroClusters","numClasses","SSQ","silhouette","precision","recall","F1","purity","cRand"
500,2,3,4.07827574402013,0.601545829652117,0.787610619469027,0.981945837512538,0.874107142857143,0.878246753246753,0.772317872239646
500,2,3,10.2283932421974,0.566590864392586,0.460828503970809,0.993061979648474,0.629526462395543,0.778350515463918,0.081491308031452
500,2,3,5.08779267101567,0.831819021965016,0.775700934579439,0.987155090390105,0.868746074942432,0.887912087912088,0.749714728094545
500,2,3,1.59628054226434,0.72232787561098,0.415018931426167,0.990959316926168,0.585025945144552,0.729591836734694,0.041658614230215
500,2,3,17.3416987590548,0.844146807753446,0.800408163265306,0.984932194876946,0.883134429182617,0.89,0.789887994242274
