"numMicroClusters","numMacroClusters","numClasses","SSQ","silhouette","precision","recall","F1","purity","cRand"
495,2,3,0.71411023286501,0.587568471905713,0.777163176610036,0.986459378134403,0.86939226519337,0.887143447705663,0.762257537958583
500,2,3,0.80167687725406,0.856207565224529,0.848281311734492,0.993061979648474,0.91497975708502,0.921041752790409,0.839247858550813
500,2,3,0.217479400387075,0.834330827348686,0.782312925170068,0.984776403425309,0.871946082561078,0.881944444444444,0.756874970918059
500,2,3,0.410899680530376,0.616994466376211,0.801548492257539,0.987945755901557,0.88503937007874,0.891826923076923,0.79319220578792
500,2,3,1.28841871057289,0.845171414425434,0.800081599347205,0.984932194876946,0.882935614588023,0.89015606242497,0.789499819185742
