"numMicroClusters","numMacroClusters","numClasses","SSQ","silhouette","precision","recall","F1","purity","cRand"
100,2,3,0.596664818024259,0.754106721978453,0.446420428636571,0.981945837512538,0.613793103448276,0.765957446808511,0.134342188639136
100,2,3,0.0451901718421634,0.847439509644923,0.853619729514718,0.992599444958372,0.917878528656972,0.917898193760263,0.845157052196932
100,2,3,0.0417209754397194,0.832841366844661,0.789232531500573,0.983349191246432,0.875661936030502,0.876876876876877,0.764889825558956
100,2,3,0.0426983395746294,0.616994466376211,0.801548492257539,0.987945755901557,0.88503937007874,0.891826923076923,0.79319220578792
100,2,3,0.198682759019563,0.838729667095148,0.799918500407498,0.985936715218483,0.883239595050619,0.891025641025641,0.789954510379512
