"numMicroClusters","numMacroClusters","numClasses","SSQ","silhouette","precision","recall","F1","purity","cRand"
100,2,3,3.27837048252197,0.601545829652117,0.787610619469027,0.981945837512538,0.874107142857143,0.878246753246753,0.772317872239646
100,2,3,9.63765040826195,0.49142773189473,0.452250736222129,0.994449583718779,0.621746674378253,0.775510204081633,0.0532759990127143
100,2,3,6.3926101820105,0.831819021965016,0.775700934579439,0.987155090390105,0.868746074942432,0.887912087912088,0.749714728094545
100,2,3,1.86549119857226,0.72232787561098,0.415018931426167,0.990959316926168,0.585025945144552,0.729591836734694,0.041658614230215
100,2,3,21.7535261808001,0.466978705470979,0.438212290502793,0.984932194876946,0.60655737704918,0.736842105263158,0.112386121341345
