"numMicroClusters","numMacroClusters","numClasses","SSQ","silhouette","precision","recall","F1","purity","cRand"
100,2,3,0.134403241251556,0.601545829652117,0.787610619469027,0.981945837512538,0.874107142857143,0.878246753246753,0.772317872239646
100,2,3,0.120894492994861,0.852509869142424,0.843137254901961,0.994449583718779,0.912563667232598,0.925,0.834170854271357
100,2,3,0.101191686519661,0.831819021965016,0.775700934579439,0.987155090390105,0.868746074942432,0.887912087912088,0.749714728094545
100,2,3,0.17082005220136,0.616994466376211,0.801548492257539,0.987945755901557,0.88503937007874,0.891826923076923,0.79319220578792
100,2,3,0.322540663981153,0.838729667095148,0.799918500407498,0.985936715218483,0.883239595050619,0.891025641025641,0.789954510379512
