"numMicroClusters","numMacroClusters","numClasses","SSQ","silhouette","precision","recall","F1","purity","cRand"
100,2,3,4.25036574148802,0.587568471905713,0.777163176610036,0.986459378134403,0.86939226519337,0.887143447705663,0.762257537958583
100,2,3,11.4047959588844,0.49142773189473,0.452250736222129,0.994449583718779,0.621746674378253,0.775510204081633,0.0532759990127143
100,2,3,5.24829166044001,0.497796702337389,0.471044231646147,0.982873453853473,0.636868064118372,0.797872340425532,0.147304029522574
100,2,3,0.987814335201489,0.735760145513576,0.438212290502793,0.984932194876946,0.60655737704918,0.736842105263158,0.112386121341345
100,2,3,16.7964136213404,0.463655590895079,0.447104423164615,0.984932194876946,0.61502273796456,0.73936170212766,0.138205407834198
