"numMicroClusters","numMacroClusters","numClasses","SSQ","silhouette","precision","recall","F1","purity","cRand"
500,2,3,1.38962914698663,0.754106721978453,0.446420428636571,0.981945837512538,0.613793103448276,0.765957446808511,0.134342188639136
500,2,3,11.88108826766,0.620768958485499,0.469995619798511,0.992599444958372,0.637931034482759,0.78125,0.110766377172753
500,2,3,0.0446650335258086,0.834330827348686,0.782312925170068,0.984776403425309,0.871946082561078,0.881944444444444,0.756874970918059
500,2,3,0.633855176044554,0.716604129219951,0.429916776171704,0.985936715218483,0.598749428092115,0.734375,0.0876958570087798
500,2,3,0.690319867823194,0.845171414425434,0.800081599347205,0.984932194876946,0.882935614588023,0.89015606242497,0.789499819185742
