"numMicroClusters","numMacroClusters","numClasses","SSQ","silhouette","precision","recall","F1","purity","cRand"
500,2,3,0.189023979617482,0.601545829652117,0.787610619469027,0.981945837512538,0.874107142857143,0.878246753246753,0.772317872239646
500,2,3,0.248449184979328,0.856207565224529,0.848281311734492,0.993061979648474,0.91497975708502,0.921041752790409,0.839247858550813
500,2,3,0.0820528310915446,0.834330827348686,0.782312925170068,0.984776403425309,0.871946082561078,0.881944444444444,0.756874970918059
500,2,3,0.132693083988622,0.614655532382853,0.802358682391216,0.990959316926168,0.886741573033708,0.893817743877961,0.796105873912879
500,2,3,0.599025695400406,0.845171414425434,0.800081599347205,0.984932194876946,0.882935614588023,0.89015606242497,0.789499819185742
