"numMicroClusters","numMacroClusters","numClasses","SSQ","silhouette","precision","recall","F1","purity","cRand"
164,3,3,1.31924488869904,0.586313962012328,0.895146794487717,0.90600363856883,0.900542495479204,0.955666192508298,0.850408498811968
168,3,3,1.08797172995527,0.607313817253073,0.964351567301782,0.960808328230251,0.962576687116564,0.978494623655914,0.944203285935846
166,3,3,2.51484949789728,0.353257879953888,0.530174159578777,0.792852816474864,0.635436893203883,0.756882255389718,0.392641112974194
164,3,3,2.1164286344623,0.436386768208766,0.557113402061856,0.833436150524368,0.667820069204152,0.832820512820513,0.453157814702631
167,3,3,1.21553498672123,0.579834079209208,0.88163514338011,0.893077873918418,0.887319619281547,0.945431145431145,0.832076918227611
