"numMicroClusters","numMacroClusters","numClasses","SSQ","precision","purity","cRand"
2,1,3,34.7016878935963,0.341874726237407,0.703125,0.0228636202491272
2,1,3,36.8041084735544,0.329162011173184,0.678947368421053,0.00647990178101635
2,1,3,47.4076431505941,0.329944323408376,0.464590964590965,0.00669761423604109
2,1,3,42.1875864109355,0.343605546995377,0.693181818181818,0.00153399441187751
2,1,3,34.7826144293319,0.364318566932946,0.708791208791209,0.0803029774247159
