"numMicroClusters","numMacroClusters","numClasses","SSQ","silhouette","precision","recall","F1","purity","cRand"
100,3,3,2.02623628760543,0.564164323893416,0.95060164661178,0.908045977011494,0.928836633663366,0.904166666666667,0.894370372267199
100,3,3,3.6534333902292,0.475842856403882,0.939546599496222,0.9221260815822,0.930754834684966,0.978571428571429,0.897595101711575
100,3,3,1.91958364002926,0.132910761145256,0.611472742066721,0.927205428747687,0.736945329737681,0.766129032258065,0.565434707656076
100,3,3,2.39078403116266,0.600353877576164,0.924082140634723,0.874558303886926,0.898638426626324,0.82962962962963,0.847900155360601
100,3,3,2.80889179435718,0.45682672406088,0.977791486736582,0.955971049457177,0.966758157974992,0.993243243243243,0.950298522063845
