"numMicroClusters","numMacroClusters","numClasses","SSQ","precision","purity","cRand"
2,2,3,13.3888540695678,0.333939393939394,0.39,0
2,2,3,17.4823703609532,0.326868686868687,0.34,0
2,2,3,14.0637388587144,0.327474747474747,0.35,0
2,2,3,17.1003785757166,0.343030303030303,0.42,0
2,2,3,17.7463959533838,0.334949494949495,0.38,0
