"numMicroClusters","numMacroClusters","numClasses","SSQ","silhouette","precision","recall","F1","purity","cRand"
22,3,3,4.49310393201781,0.438046639478302,0.578001752848379,0.79794313369631,0.670393900889454,0.82168458781362,0.46202676429731
45,3,3,5.42697659269369,0.412354060650142,0.785496648385131,0.796662546353523,0.791040196379257,0.936046511627907,0.688503012537501
53,3,3,3.33541682644469,0.57629871697435,0.602423324498296,0.981492905613819,0.746597841389019,0.846153846153846,0.573506606977802
56,3,3,4.45372276992423,0.4799228314737,0.712249443207127,0.941696113074205,0.811057570377885,0.910377358490566,0.689944282035307
73,3,3,7.3938312267746,0.334690248413177,0.711768050028425,0.755126658624849,0.732806555458004,0.910714285714286,0.592164497578174
