"numMicroClusters","numMacroClusters","numClasses","SSQ","precision","purity","cRand"
22,1,3,33.8145708785257,0.338726245505907,0.651515151515151,0.0126532440908536
45,1,3,36.2813704701913,0.390794488419818,0.709876543209877,0.155800626954361
53,1,3,51.0101557832997,0.327973613687899,0.676767676767677,0.00146896359155532
56,1,3,42.9026445099831,0.354358300481822,0.71875,0.0330349719212029
73,1,3,33.5587108481945,0.413022963195974,0.733766233766234,0.183346657626941
