"numMicroClusters","numMacroClusters","numClasses","SSQ","silhouette","precision","recall","F1","purity","cRand"
50,3,3,2.13590024080352,0.401326003009582,0.930317848410758,0.920750151240169,0.92550927333536,0.981707317073171,0.888451309583005
50,3,3,3.37605243168675,0.702097013187588,1,1,1,1,1
50,3,3,2.12063646225284,0.747346156981508,0.59563050977386,0.958667489204195,0.734751773049645,0.674358974358974,0.554980311891182
50,3,3,2.28023954764575,0.662469785947077,0.940546967895363,0.93168433451119,0.936094674556213,0.951121794871795,0.902966967385575
50,3,3,3.7211695462089,0.615169266779107,0.973351099267155,0.881182147165259,0.924976258309592,0.892647058823529,0.889945659056783
