"numMicroClusters","numMacroClusters","numClasses","SSQ","silhouette","precision","recall","F1","purity","cRand"
41,2,3,5.84730141241912,0.34109683760587,0.648819804260219,0.681790683605566,0.664896755162242,0.796653796653797,0.490558868662358
68,2,3,9.09309939980913,0.282300093425224,0.608559964333482,0.843634116192831,0.707070707070707,0.77338355304457,0.527700525123081
86,2,3,2.3896104331227,0.533123780827008,0.607469209376242,0.943244910549044,0.739004349927501,0.735449735449735,0.566176574411429
93,2,3,4.75939725701722,0.352732464621549,0.659637076998529,0.792108362779741,0.71982873963072,0.69748427672956,0.552204799396148
111,2,3,10.2136465834823,0.236860639005684,0.604345629105609,0.721351025331725,0.6576849051416,0.714950209643606,0.461335086592827
