"numMicroClusters","numMacroClusters","numClasses","SSQ","silhouette","precision","recall","F1","purity","cRand"
41,3,3,3.32899752006577,0.409168826435036,0.784272790535839,0.681790683605566,0.729449838187702,0.928571428571429,0.607559305658213
68,3,3,8.76449619876913,0.282300093425224,0.608559964333482,0.843634116192831,0.707070707070707,0.77338355304457,0.527700525123081
86,3,3,2.36789288874215,0.533123780827008,0.607469209376242,0.943244910549044,0.739004349927501,0.735449735449735,0.566176574411429
93,3,3,4.45824391516792,0.301728007013794,0.657356608478803,0.776207302709069,0.711855252497975,0.771642619311876,0.541558059417388
111,3,3,9.91670165902317,0.162174258184378,0.587737843551797,0.670687575392039,0.626478873239437,0.785404467577532,0.419071058893168
