"numMicroClusters","numMacroClusters","numClasses","SSQ","silhouette","precision","recall","F1","purity","cRand"
22,3,3,4.88251982365646,0.598057822782119,0.547285763059065,0.969751966122202,0.699694456569184,0.844748858447489,0.47596584176218
45,3,3,6.89438836226404,0.548545832751209,0.780316344463972,0.823238566131026,0.801203007518797,0.900839793281654,0.700779101917549
53,3,3,3.14581125156588,0.50199977916126,0.615541090317331,0.933374460209747,0.741848492277519,0.854838709677419,0.573534713105171
56,3,3,4.48469360385258,0.521489478474905,0.640370207139709,0.855712603062426,0.732543483740862,0.862068965517241,0.559811035437896
73,3,3,6.8158654477108,0.566376643369664,0.7570303712036,0.811821471652593,0.783469150174622,0.916666666666667,0.668585012425812
