"numMicroClusters","numMacroClusters","numClasses","SSQ","silhouette","precision","recall","F1","purity","cRand"
14,2,3,5.70873839990329,0.658033859285708,0.538900785153462,0.913490623109498,0.677890011223344,0.791666666666667,0.444574245134703
18,2,3,12.2858745240253,0.315987828052528,0.569919729615547,0.833745364647713,0.677038895859473,0.650793650793651,0.472022448276325
19,4,3,1.80333824806425,0.699905600702994,0.596586178184846,0.884022208513263,0.712403678846632,0.621863799283154,0.527718729275873
17,4,3,2.85173272762833,0.447861353320221,0.701232032854209,0.804475853945819,0.749314317059792,0.795918367346939,0.604252585570767
19,2,3,13.169491360832,0.331793770013672,0.611879576891782,0.907117008443908,0.730806608357629,0.698924731182796,0.551305881013185
