"numMicroClusters","numMacroClusters","numClasses","SSQ","silhouette","precision","recall","F1","purity","cRand"
41,3,3,5.55670158602365,0.599012633687968,0.54369274136716,0.933454325468845,0.687152081941661,0.759259259259259,0.458690995392131
68,3,3,5.0640494345285,0.702097013187588,1,1,1,1,1
86,3,3,1.93756957484965,0.544082184971915,0.602423324498296,0.981492905613819,0.746597841389019,0.846153846153846,0.573506606977802
93,3,3,3.95335286835762,0.612860335748092,0.857780256553263,0.905771495877503,0.881122887424807,0.92457091237579,0.816444237381094
111,3,3,4.59658157096508,0.705284574810355,0.978273989136995,0.977683956574186,0.977978883861237,0.990990990990991,0.966893084314844
