"numMicroClusters","numMacroClusters","numClasses","SSQ","silhouette","precision","recall","F1","purity","cRand"
22,3,3,4.82284931805977,0.590548172304974,0.52592062924562,0.889897156684816,0.661123595505618,0.844748858447489,0.415943736054078
45,3,3,6.93076727646785,0.548545832751209,0.780316344463972,0.823238566131026,0.801203007518797,0.900839793281654,0.700779101917549
53,3,3,3.07716523522701,0.45084860745418,0.632466940264478,0.855644663787785,0.727320398531725,0.785575048732943,0.562601734605289
56,3,3,4.45032681568756,0.537675830060971,0.607125662012518,0.74263839811543,0.668079470198676,0.862068965517241,0.466820336157599
73,3,3,7.1670592479121,0.566376643369664,0.7570303712036,0.811821471652593,0.783469150174622,0.916666666666667,0.668585012425812
