"numMicroClusters","numMacroClusters","numClasses","SSQ","silhouette","precision","recall","F1","purity","cRand"
2,2,3,13.3888540695678,0.775338445302019,0.554884189325277,1,0.713730569948187,0.767123287671233,0.498181397825934
2,2,3,17.4823703609532,0.712534833497946,0.597930524759793,1,0.748381128584644,0.757575757575758,0.57416607523066
2,2,3,14.0637388587144,0.873657210657397,0.599039172209904,1,0.749248902241738,0.765151515151515,0.575293706257209
2,2,3,17.1003785757166,0.789916365355673,0.675417661097852,1,0.806267806267806,0.793103448275862,0.67192598743845
2,2,3,17.7463959533838,0.71560278383179,0.547918043621943,1,0.707941929974381,0.756756756756757,0.485111451213785
