"numMicroClusters","numMacroClusters","numClasses","SSQ","silhouette","precision","recall","F1","purity","cRand"
41,3,3,5.56224292071418,0.597564606399554,0.551353226925746,0.961282516636419,0.70077177508269,0.675925925925926,0.480111154814751
68,3,3,4.77865005571186,0.702097013187588,1,1,1,1,1
86,3,3,1.96556766482067,0.544082184971915,0.602423324498296,0.981492905613819,0.746597841389019,0.846153846153846,0.573506606977802
93,3,3,3.70723019269221,0.617303787576219,0.869014859658778,0.929917550058893,0.898435277382646,0.943089430894309,0.842622283327447
111,3,3,4.16491741055214,0.705284574810355,0.978273989136995,0.977683956574186,0.977978883861237,0.990990990990991,0.966893084314844
