"numMicroClusters","numMacroClusters","numClasses","SSQ","silhouette","precision","recall","F1","purity","cRand"
15,3,3,3.1338619937198,0.255437263030399,0.547933532168726,0.777979431336963,0.643,0.83525641025641,0.412946861251453
18,2,3,12.2858745240253,0.315987828052528,0.569919729615547,0.833745364647713,0.677038895859473,0.650793650793651,0.472022448276325
19,1,3,46.2665872760044,0.32672138622891,0.342198581560284,-0.00210837887243493,NA,NA,NA
17,3,3,4.07706211411079,0.600507000765374,0.666210670314637,0.860424028268551,0.750963762528913,0.708994708994709,0.593960800208448
19,2,3,13.169491360832,0.331793770013672,0.611879576891782,0.907117008443908,0.730806608357629,0.698924731182796,0.551305881013185
