"numMicroClusters","numMacroClusters","numClasses","SSQ","silhouette","precision","recall","F1","purity","cRand"
89,3,3,1.61758029597116,0.686709144376519,0.979381443298969,0.977011494252874,0.978195033313144,0.990476190476191,0.967282659644372
67,3,3,2.14372756799451,0.702097013187588,1,1,1,1,1
90,3,3,1.507326466015,0.706296124668522,0.554048499794492,0.831585441085749,0.665022200296004,0.843434343434343,0.448081425909113
95,3,3,4.10894340911098,0.567081030542663,0.611058150619638,0.755005889281508,0.675447839831401,0.862068965517241,0.477222882865831
85,3,3,1.81346431996216,0.710430552891018,1,1,1,1,1
