"numMicroClusters","numMacroClusters","numClasses","SSQ","silhouette","precision","recall","F1","purity","cRand"
85,3,3,1.61542624065871,0.686709144376519,0.979381443298969,0.977011494252874,0.978195033313144,0.990476190476191,0.967282659644372
74,3,3,2.17317856076815,0.702097013187588,1,1,1,1,1
79,3,3,1.58707165436918,0.687517862671867,0.551838083436596,0.824182603331277,0.661058881741712,0.843434343434343,0.44226581455838
94,3,3,2.06056279273476,0.671277280826904,0.953818827708703,0.948763250883392,0.951284322409212,0.963232323232323,0.92595064682008
72,3,3,1.83774081124851,0.710430552891018,1,1,1,1,1
