"numMicroClusters","numMacroClusters","numClasses","SSQ","silhouette","precision","recall","F1","purity","cRand"
81,3,3,1.62713397880249,0.686709144376519,0.979381443298969,0.977011494252874,0.978195033313144,0.990476190476191,0.967282659644372
85,3,3,2.15148680484812,0.702097013187588,1,1,1,1,1
65,3,3,1.36917866122708,0.500485494801291,0.664811379097093,0.663170882171499,0.663990117356393,0.686868686868687,0.500676167689587
84,3,3,3.99673024507245,0.56357773721773,0.60655737704918,0.740871613663133,0.667020148462354,0.862068965517241,0.465329491603784
70,3,3,1.84553584693788,0.710430552891018,1,1,1,1,1
