"numMicroClusters","numMacroClusters","numClasses","SSQ","silhouette","precision","recall","F1","purity","cRand"
61,3,3,1.62936910222433,0.686709144376519,0.979381443298969,0.977011494252874,0.978195033313144,0.990476190476191,0.967282659644372
96,3,3,2.13643009394898,0.702097013187588,1,1,1,1,1
100,3,3,1.36520094832438,0.514764319081347,0.677893447642376,0.682911782850093,0.68039336201598,0.735942839391115,0.52391142828976
96,3,3,2.04550300603575,0.671277280826904,0.953818827708703,0.948763250883392,0.951284322409212,0.963232323232323,0.92595064682008
76,3,3,1.82418378303278,0.710430552891018,1,1,1,1,1
