"numMicroClusters","numMacroClusters","numClasses","SSQ","silhouette","precision","recall","F1","purity","cRand"
165,3,3,4.81971495990415,0.620443313133789,0.532934131736527,0.915305505142166,0.673642030276046,0.844748858447489,0.435261585787522
197,3,3,2.27939783972072,0.702097013187588,1,1,1,1,1
166,3,3,1.5516778378463,0.461071810806931,0.685420447670901,0.69895126465145,0.692119731215638,0.756885090218424,0.540013463290408
183,3,3,4.10290664809691,0.530107392992898,0.611058150619638,0.755005889281508,0.675447839831401,0.862068965517241,0.477222882865831
177,3,3,1.84444155928841,0.710430552891018,1,1,1,1,1
