"numMicroClusters","numMacroClusters","numClasses","SSQ","silhouette","precision","recall","F1","purity","cRand"
86,3,3,1.6144170313127,0.686709144376519,0.979381443298969,0.977011494252874,0.978195033313144,0.990476190476191,0.967282659644372
83,3,3,2.14328058581552,0.702097013187588,1,1,1,1,1
96,3,3,1.50748678402421,0.708234394032185,0.552761747732894,0.827267119062307,0.662713120830245,0.843434343434343,0.4446913669941
98,3,3,2.04500734720033,0.671277280826904,0.953818827708703,0.948763250883392,0.951284322409212,0.963232323232323,0.92595064682008
91,3,3,1.81399916140944,0.710430552891018,1,1,1,1,1
