"numMicroClusters","numMacroClusters","numClasses","SSQ","silhouette","precision","recall","F1","purity","cRand"
85,3,3,1.6146781201982,0.686709144376519,0.979381443298969,0.977011494252874,0.978195033313144,0.990476190476191,0.967282659644372
95,3,3,2.13818267696198,0.702097013187588,1,1,1,1,1
81,3,3,1.37678694430677,0.510832715863322,0.679210363972856,0.679210363972856,0.679210363972856,0.736405529953917,0.523007299989678
63,3,3,2.08297894863275,0.670862248374754,0.980105324751317,0.986454652532391,0.983269738773114,0.990476190476191,0.974491193562613
80,3,3,1.83019732801313,0.710430552891018,1,1,1,1,1
