"numMicroClusters","numMacroClusters","numClasses","SSQ","silhouette","precision","recall","F1","purity","cRand"
99,3,3,1.62059825049356,0.686709144376519,0.979381443298969,0.977011494252874,0.978195033313144,0.990476190476191,0.967282659644372
85,3,3,2.14510707203308,0.702097013187588,1,1,1,1,1
72,3,3,1.38004280795914,0.508961423535472,0.675525339925834,0.674275138803208,0.674899660389009,0.72671568627451,0.516815490233413
81,3,3,2.06394056641223,0.669922742636135,0.967020023557126,0.967020023557126,0.967020023557126,0.976307189542484,0.949799851355404
80,3,3,1.82298786781823,0.710430552891018,1,1,1,1,1
