"numMicroClusters","numMacroClusters","numClasses","SSQ","silhouette","precision","recall","F1","purity","cRand"
183,3,3,1.66042112112537,0.686709144376519,0.979381443298969,0.977011494252874,0.978195033313144,0.990476190476191,0.967282659644372
187,3,3,2.2251966583239,0.702097013187588,1,1,1,1,1
167,3,3,1.55930958208707,0.707240128360073,0.551838083436596,0.824182603331277,0.661058881741712,0.843434343434343,0.44226581455838
185,3,3,4.16266820467121,0.527161976746979,0.613086770981508,0.761484098939929,0.679275019700552,0.862068965517241,0.482648641736014
199,3,3,1.85862118776041,0.710430552891018,1,1,1,1,1
