"numMicroClusters","numMacroClusters","numClasses","SSQ","silhouette","precision","recall","F1","purity","cRand"
63,3,3,1.62601086548212,0.686709144376519,0.979381443298969,0.977011494252874,0.978195033313144,0.990476190476191,0.967282659644372
95,3,3,2.13828133857026,0.702097013187588,1,1,1,1,1
72,3,3,1.36629444189252,0.505747412788999,0.664811379097093,0.663170882171499,0.663990117356393,0.686868686868687,0.500676167689587
98,3,3,2.0432208962467,0.671277280826904,0.953818827708703,0.948763250883392,0.951284322409212,0.963232323232323,0.92595064682008
94,3,3,1.81359726599843,0.710430552891018,1,1,1,1,1
