"numMicroClusters","numMacroClusters","numClasses","SSQ","silhouette","precision","recall","F1","purity","cRand"
72,3,3,1.61419405117218,0.686709144376519,0.979381443298969,0.977011494252874,0.978195033313144,0.990476190476191,0.967282659644372
99,3,3,2.14150329346677,0.702097013187588,1,1,1,1,1
70,3,3,1.36082419603312,0.512778628955161,0.683271832718327,0.685379395434917,0.684323991376655,0.746296296296296,0.530258700039385
99,3,3,3.94260893011881,0.576384875656592,0.607125662012518,0.74263839811543,0.668079470198676,0.862068965517241,0.466820336157599
71,3,3,1.84218837822705,0.710430552891018,1,1,1,1,1
