"numMicroClusters","numMacroClusters","numClasses","SSQ","silhouette","precision","recall","F1","purity","cRand"
198,3,3,1.71316521671803,0.686709144376519,0.979381443298969,0.977011494252874,0.978195033313144,0.990476190476191,0.967282659644372
171,3,3,2.19370328773027,0.702097013187588,1,1,1,1,1
194,3,3,1.62394434911281,0.69813005028601,0.551282051282051,0.822331893892659,0.660064372369398,0.843434343434343,0.440808846942387
176,3,3,2.10027852479213,0.671277280826904,0.953818827708703,0.948763250883392,0.951284322409212,0.963232323232323,0.92595064682008
195,3,3,7.09952478863275,0.565615675627282,0.521343596920924,0.898673100120627,0.659875996457042,0.837837837837838,0.409555215657721
