"numMicroClusters","numMacroClusters","numClasses","SSQ","silhouette","precision","recall","F1","purity","cRand"
176,3,3,1.65202241903035,0.686709144376519,0.979381443298969,0.977011494252874,0.978195033313144,0.990476190476191,0.967282659644372
193,3,3,2.25804253236784,0.702097013187588,1,1,1,1,1
184,3,3,1.59577319243382,0.450757225427367,0.665792235047219,0.782850092535472,0.719591721009356,0.79,0.565974176990651
183,3,3,4.06409326643765,0.531759268693549,0.607125662012518,0.74263839811543,0.668079470198676,0.862068965517241,0.466820336157599
185,3,3,1.84599802293282,0.710430552891018,1,1,1,1,1
