"numMicroClusters","numMacroClusters","numClasses","SSQ","silhouette","precision","recall","F1","purity","cRand"
70,3,3,1.63390747236884,0.686709144376519,0.979381443298969,0.977011494252874,0.978195033313144,0.990476190476191,0.967282659644372
77,3,3,6.8494673134531,0.511205723389069,0.551525144270404,0.826946847960445,0.661721068249258,0.838383838383838,0.443457460937808
95,3,3,1.50152211416461,0.707240128360073,0.551838083436596,0.824182603331277,0.661058881741712,0.843434343434343,0.44226581455838
96,3,3,3.94494633449599,0.576384875656592,0.607125662012518,0.74263839811543,0.668079470198676,0.862068965517241,0.466820336157599
69,3,3,1.8478987919476,0.710430552891018,1,1,1,1,1
