"numMicroClusters","numMacroClusters","numClasses","SSQ","silhouette","precision","recall","F1","purity","cRand"
74,3,3,1.62281483550362,0.686709144376519,0.979381443298969,0.977011494252874,0.978195033313144,0.990476190476191,0.967282659644372
70,3,3,6.85729794170842,0.542677313833774,0.564451561248999,0.871446229913473,0.685131195335277,0.838383838383838,0.478043185921811
83,3,3,1.36450573884503,0.514764319081347,0.677893447642376,0.682911782850093,0.68039336201598,0.735942839391115,0.52391142828976
88,3,3,3.94318654030553,0.576384875656592,0.607125662012518,0.74263839811543,0.668079470198676,0.862068965517241,0.466820336157599
97,3,3,1.81581764327345,0.710430552891018,1,1,1,1,1
