"numMicroClusters","numMacroClusters","numClasses","SSQ","silhouette","precision","recall","F1","purity","cRand"
2,2,3,6.48489125293495,0.775338445302019,0.554884189325277,1,0.713730569948187,0.767123287671233,0.498181397825934
50,3,3,2.1747432854291,0.702097013187588,1,1,1,1,1
49,3,3,1.5141060045131,0.702997656713199,0.551838083436596,0.824182603331277,0.661058881741712,0.843434343434343,0.44226581455838
48,3,3,2.05434447824883,0.671277280826904,0.953818827708703,0.948763250883392,0.951284322409212,0.963232323232323,0.92595064682008
48,3,3,1.90494711098437,0.706993232111446,0.977122215532812,0.978890229191797,0.978005423320277,0.991452991452991,0.96691289782582
