"numMicroClusters","numMacroClusters","numClasses","SSQ","silhouette","precision","recall","F1","purity","cRand"
96,3,3,1.61464569418279,0.686709144376519,0.979381443298969,0.977011494252874,0.978195033313144,0.990476190476191,0.967282659644372
65,3,3,2.16052399287144,0.702097013187588,1,1,1,1,1
90,3,3,1.50040791800552,0.707240128360073,0.551838083436596,0.824182603331277,0.661058881741712,0.843434343434343,0.44226581455838
84,3,3,3.94841264185288,0.576384875656592,0.607125662012518,0.74263839811543,0.668079470198676,0.862068965517241,0.466820336157599
87,3,3,1.82121826756203,0.710430552891018,1,1,1,1,1
