"numMicroClusters","numMacroClusters","numClasses","SSQ","silhouette","precision","recall","F1","purity","cRand"
2,2,3,6.45829446806217,0.775338445302019,0.554884189325277,1,0.713730569948187,0.767123287671233,0.498181397825934
2,2,3,9.21672283904874,0.686381601711151,0.587301587301587,0.96044499381953,0.728893058161351,0.722222222222222,0.543842228816429
2,2,3,2.56133775494923,0.873657210657397,0.599039172209904,1,0.749248902241738,0.765151515151515,0.575293706257209
2,2,3,5.1865114874221,0.789916365355673,0.675417661097852,1,0.806267806267806,0.793103448275862,0.67192598743845
18,3,3,2.99652197196648,0.710430552891018,1,1,1,1,1
