"numMicroClusters","numMacroClusters","numClasses","SSQ","silhouette","precision","recall","F1","purity","cRand"
49,3,3,1.65565973605507,0.686709144376519,0.979381443298969,0.977011494252874,0.978195033313144,0.990476190476191,0.967282659644372
50,3,3,2.17643953317366,0.702097013187588,1,1,1,1,1
50,3,3,1.38964232836121,0.496048105857182,0.677893447642376,0.682911782850093,0.68039336201598,0.740913327120224,0.52391142828976
49,3,3,2.05575506105299,0.670862248374754,0.980105324751317,0.986454652532391,0.983269738773114,0.990476190476191,0.974491193562613
50,3,3,1.93442589508613,0.710430552891018,1,1,1,1,1
