"numMicroClusters","numMacroClusters","numClasses","SSQ","silhouette","precision","recall","F1","purity","cRand"
86,3,3,4.67376773304459,0.626285021444029,0.527945888216447,0.897156684815487,0.664724338861497,0.844748858447489,0.421484388000137
91,3,3,2.13159510716359,0.702097013187588,1,1,1,1,1
98,3,3,1.36321275426157,0.514764319081347,0.677893447642376,0.682911782850093,0.68039336201598,0.735942839391115,0.52391142828976
81,3,3,3.95001878452064,0.576384875656592,0.607125662012518,0.74263839811543,0.668079470198676,0.862068965517241,0.466820336157599
99,3,3,1.81764702635396,0.710430552891018,1,1,1,1,1
