"numMicroClusters","numMacroClusters","numClasses","SSQ","silhouette","precision","recall","F1","purity","cRand"
70,3,3,1.61592740471996,0.686709144376519,0.979381443298969,0.977011494252874,0.978195033313144,0.990476190476191,0.967282659644372
58,3,3,2.19928200524333,0.702097013187588,1,1,1,1,1
79,3,3,1.37556329268501,0.502837794163957,0.689548546691404,0.687847008019741,0.688696726374305,0.757575757575758,0.53739115535947
92,3,3,2.06067892775127,0.671277280826904,0.953818827708703,0.948763250883392,0.951284322409212,0.963232323232323,0.92595064682008
96,3,3,1.81568870736589,0.710430552891018,1,1,1,1,1
