"numMicroClusters","numMacroClusters","numClasses","SSQ","silhouette","precision","recall","F1","purity","cRand"
104,3,3,2.30097441346884,0.67828350619629,0.930232558139535,0.943738656987296,0.936936936936937,0.976190476190476,0.904975968381268
150,3,3,2.17898469958786,0.702097013187588,1,1,1,1,1
38,3,3,1.56831702291972,0.499143379808585,0.643756558237146,0.756940160394818,0.695775446555146,0.735833333333333,0.529110507493396
59,3,3,2.07352136781412,0.65970458552583,0.953818827708703,0.948763250883392,0.951284322409212,0.963232323232323,0.92595064682008
40,3,3,2.01581464320999,0.710430552891018,1,1,1,1,1
