"numMicroClusters","numMacroClusters","numClasses","SSQ","silhouette","precision","recall","F1","purity","cRand"
27,3,3,6.05376140716996,0.62038172151321,0.526935426328933,0.893526920750151,0.662926391382406,0.844748858447489,0.418716198498227
100,3,3,2.17172039330429,0.700218260777412,0.979025293028994,0.980840543881335,0.979932077801791,0.990476190476191,0.970173795693421
37,3,3,1.56876256282076,0.499143379808585,0.643756558237146,0.756940160394818,0.695775446555146,0.735833333333333,0.529110507493396
60,3,3,2.06185928696825,0.65970458552583,0.953818827708703,0.948763250883392,0.951284322409212,0.963232323232323,0.92595064682008
39,3,3,1.88498664630109,0.710430552891018,1,1,1,1,1
