"numMicroClusters","numMacroClusters","numClasses","SSQ","silhouette","precision","recall","F1","purity","cRand"
26,3,3,2.28723330952628,0.686709144376519,0.979381443298969,0.977011494252874,0.978195033313144,0.990476190476191,0.967282659644372
144,3,3,2.17838352791848,0.702097013187588,1,1,1,1,1
35,3,3,1.92729668707493,0.67432206183581,0.576337368215541,0.910549043800123,0.705882352941177,0.843434343434343,0.508918194006229
61,3,3,4.0564548334774,0.575731129908764,0.607125662012518,0.74263839811543,0.668079470198676,0.862068965517241,0.466820336157599
39,3,3,1.87811094551773,0.710430552891018,1,1,1,1,1
