"numMicroClusters","numMacroClusters","numClasses","SSQ","silhouette","precision","recall","F1","purity","cRand"
27,3,3,1.65496781045846,0.681061328101739,0.953209358128374,0.961282516636419,0.957228915662651,0.983739837398374,0.935648945911607
99,3,3,2.1688470321371,0.700218260777412,0.979025293028994,0.980840543881335,0.979932077801791,0.990476190476191,0.970173795693421
28,3,3,2.03270877169029,0.679164986298875,0.58476846536548,0.942628007402838,0.721776098252244,0.843434343434343,0.533024627142856
58,3,3,2.06644937712362,0.65970458552583,0.953818827708703,0.948763250883392,0.951284322409212,0.963232323232323,0.92595064682008
46,3,3,2.09644848995847,0.710430552891018,1,1,1,1,1
