"numMicroClusters","numMacroClusters","numClasses","SSQ","silhouette","precision","recall","F1","purity","cRand"
2,2,3,6.48489122314488,0.775338445302019,0.554884189325277,1,0.713730569948187,0.767123287671233,0.498181397825934
50,3,3,2.16394193478877,0.702097013187588,1,1,1,1,1
48,3,3,1.36778651055761,0.505616882395198,0.674661746617466,0.676742751388032,0.675700646750847,0.725925925925926,0.517426742577046
49,3,3,3.96034563802902,0.568806503761757,0.607125662012518,0.74263839811543,0.668079470198676,0.862068965517241,0.466820336157599
47,3,3,1.88765465980984,0.710430552891018,1,1,1,1,1
