"numMicroClusters","numMacroClusters","numClasses","SSQ","silhouette","precision","recall","F1","purity","cRand"
84,3,3,1.61378710311249,0.686709144376519,0.979381443298969,0.977011494252874,0.978195033313144,0.990476190476191,0.967282659644372
84,3,3,2.14202739698232,0.702097013187588,1,1,1,1,1
84,3,3,1.36517398040972,0.514492874740218,0.665646050214329,0.670573719925972,0.668100799016595,0.694936315625971,0.505600329377828
88,3,3,4.08470767782568,0.539775131881132,0.606367583212735,0.740282685512368,0.666666666666667,0.862068965517241,0.464832277731418
93,3,3,1.81094468305946,0.710430552891018,1,1,1,1,1
