"numMicroClusters","numMacroClusters","numClasses","SSQ","silhouette","precision","recall","F1","purity","cRand"
66,3,3,1.62178721676099,0.686709144376519,0.979381443298969,0.977011494252874,0.978195033313144,0.990476190476191,0.967282659644372
95,3,3,2.13681223579411,0.702097013187588,1,1,1,1,1
93,3,3,1.50267566680728,0.703072011283674,0.552761747732894,0.827267119062307,0.662713120830245,0.843434343434343,0.4446913669941
86,3,3,3.94223076987957,0.576384875656592,0.607125662012518,0.74263839811543,0.668079470198676,0.862068965517241,0.466820336157599
56,3,3,1.91976649123273,0.710430552891018,1,1,1,1,1
