"numMicroClusters","numMacroClusters","numClasses","SSQ","silhouette","precision","recall","F1","purity","cRand"
50,3,3,4.70397570276904,0.669683899461253,0.547285763059065,0.969751966122202,0.699694456569184,0.844748858447489,0.47596584176218
50,3,3,2.17474821562489,0.702097013187588,1,1,1,1,1
50,3,3,1.41047127375365,0.501946437404218,0.658148779102782,0.714990746452807,0.685393258426966,0.733333333333333,0.522577494135557
49,3,3,2.06412427275789,0.670862248374754,0.980105324751317,0.986454652532391,0.983269738773114,0.990476190476191,0.974491193562613
50,3,3,1.93315834261792,0.710430552891018,1,1,1,1,1
