"numMicroClusters","numMacroClusters","numClasses","SSQ","silhouette","precision","recall","F1","purity","cRand"
26,3,3,1.78174990657906,0.686709144376519,0.979381443298969,0.977011494252874,0.978195033313144,0.990476190476191,0.967282659644372
79,3,3,7.11436772254423,0.712534833497946,0.597930524759793,1,0.748381128584644,0.757575757575758,0.57416607523066
36,3,3,1.99850361741283,0.67432206183581,0.576337368215541,0.910549043800123,0.705882352941177,0.843434343434343,0.508918194006229
51,3,3,2.0727193004849,0.65970458552583,0.953818827708703,0.948763250883392,0.951284322409212,0.963232323232323,0.92595064682008
32,3,3,2.50483752723201,0.710430552891018,1,1,1,1,1
