"numMicroClusters","numMacroClusters","numClasses","SSQ","silhouette","precision","recall","F1","purity","cRand"
100,3,3,1.71723988293199,0.686709144376519,0.979381443298969,0.977011494252874,0.978195033313144,0.990476190476191,0.967282659644372
99,3,3,2.19705991593539,0.700218260777412,0.979025293028994,0.980840543881335,0.979932077801791,0.990476190476191,0.970173795693421
100,3,3,1.39932411779617,0.497593343304978,0.665675193337299,0.690314620604565,0.677771047849788,0.725528455284553,0.516589937970269
100,3,3,2.16450760653707,0.671277280826904,0.953818827708703,0.948763250883392,0.951284322409212,0.963232323232323,0.92595064682008
100,3,3,2.7079818609417,0.697192800001452,0.95438175270108,0.958986731001206,0.956678700361011,0.983333333333333,0.934781081096907
