"numMicroClusters","numMacroClusters","numClasses","SSQ","silhouette","precision","recall","F1","purity","cRand"
100,3,3,1.79800282176764,0.686709144376519,0.979381443298969,0.977011494252874,0.978195033313144,0.990476190476191,0.967282659644372
99,3,3,2.19202307157714,0.700218260777412,0.979025293028994,0.980840543881335,0.979932077801791,0.990476190476191,0.970173795693421
100,3,3,1.40224764117352,0.502723470195637,0.657542224810716,0.696483652066626,0.676452965847813,0.706774519716886,0.51207429029444
100,3,3,4.27469904134629,0.561587670322719,0.607125662012518,0.74263839811543,0.668079470198676,0.862068965517241,0.466820336157599
100,3,3,1.88100813980762,0.710430552891018,1,1,1,1,1
