"numMicroClusters","numMacroClusters","numClasses","SSQ","silhouette","precision","recall","F1","purity","cRand"
50,3,3,1.62949703096766,0.686709144376519,0.979381443298969,0.977011494252874,0.978195033313144,0.990476190476191,0.967282659644372
50,3,3,2.18131367067009,0.700218260777412,0.979025293028994,0.980840543881335,0.979932077801791,0.990476190476191,0.970173795693421
50,3,3,1.5647029127711,0.702243294004792,0.551096400496483,0.821714990746453,0.659732540861813,0.843434343434343,0.440322918033019
50,3,3,2.05314604019725,0.665215729066911,0.960511033681765,0.974087161366313,0.967251461988304,0.981481481481482,0.949968811726791
50,3,3,1.98622240264466,0.710430552891018,1,1,1,1,1
