"numMicroClusters","numMacroClusters","numClasses","SSQ","silhouette","precision","recall","F1","purity","cRand"
100,3,3,1.66678077244619,0.686709144376519,0.979381443298969,0.977011494252874,0.978195033313144,0.990476190476191,0.967282659644372
100,3,3,2.17488136317683,0.700218260777412,0.979025293028994,0.980840543881335,0.979932077801791,0.990476190476191,0.970173795693421
100,3,3,1.4166567829203,0.503658812554879,0.654200230149597,0.701418877236274,0.676987198571003,0.696969696969697,0.511414830573774
100,3,3,3.96255968288419,0.568806503761757,0.607125662012518,0.74263839811543,0.668079470198676,0.862068965517241,0.466820336157599
100,3,3,1.86663370364409,0.710430552891018,1,1,1,1,1
