"numMicroClusters","numMacroClusters","numClasses","SSQ","silhouette","precision","recall","F1","purity","cRand"
2,2,3,6.48516836003494,0.775338445302019,0.554884189325277,1,0.713730569948187,0.767123287671233,0.498181397825934
48,3,3,7.30692684041395,0.712534833497946,0.597930524759793,1,0.748381128584644,0.757575757575758,0.57416607523066
49,3,3,3.29767152363848,0.499871173037128,0.649200220628792,0.726095003084516,0.685497961560862,0.714072415080254,0.519268554426335
48,3,3,2.39164824177357,0.665215729066911,0.960511033681765,0.974087161366313,0.967251461988304,0.981481481481482,0.949968811726791
38,3,3,7.93418524713347,0.71560278383179,0.547918043621943,1,0.707941929974381,0.756756756756757,0.485111451213785
