"numMicroClusters","numMacroClusters","numClasses","SSQ","silhouette","precision","recall","F1","purity","cRand"
100,3,3,1.79543291205206,0.686709144376519,0.979381443298969,0.977011494252874,0.978195033313144,0.990476190476191,0.967282659644372
99,3,3,2.22847991676659,0.700218260777412,0.979025293028994,0.980840543881335,0.979932077801791,0.990476190476191,0.970173795693421
100,3,3,1.40226797458758,0.502723470195637,0.657542224810716,0.696483652066626,0.676452965847813,0.706774519716886,0.51207429029444
100,3,3,2.08176690858103,0.671277280826904,0.953818827708703,0.948763250883392,0.951284322409212,0.963232323232323,0.92595064682008
100,3,3,1.91972207029587,0.710430552891018,1,1,1,1,1
