"numMicroClusters","numMacroClusters","numClasses","SSQ","silhouette","precision","recall","F1","purity","cRand"
100,3,3,1.67861318780662,0.686709144376519,0.979381443298969,0.977011494252874,0.978195033313144,0.990476190476191,0.967282659644372
100,3,3,2.18715113533741,0.702097013187588,1,1,1,1,1
100,3,3,1.53834465818675,0.703841335546373,0.551282051282051,0.822331893892659,0.660064372369398,0.843434343434343,0.440808846942387
100,3,3,2.05199059812077,0.670306503487733,0.967020023557126,0.967020023557126,0.967020023557126,0.976307189542484,0.949799851355404
100,3,3,1.87461523644561,0.710430552891018,1,1,1,1,1
