"numMicroClusters","numMacroClusters","numClasses","SSQ","silhouette","precision","recall","F1","purity","cRand"
2,2,3,6.47895412060223,0.775338445302019,0.554884189325277,1,0.713730569948187,0.767123287671233,0.498181397825934
14,3,3,2.97110637479545,0.686173737118274,0.937538273116963,0.946229913473424,0.941864041833282,0.972972972972973,0.913439615723892
25,3,3,1.67649421215821,0.499340673109718,0.650055991041433,0.716224552745219,0.681538009979454,0.7,0.515031823736789
49,3,3,2.09361461274162,0.671277280826904,0.953818827708703,0.948763250883392,0.951284322409212,0.963232323232323,0.92595064682008
35,3,3,3.00275473413846,0.710430552891018,1,1,1,1,1
