"numMicroClusters","numMacroClusters","numClasses","SSQ","silhouette","precision","recall","F1","purity","cRand"
90,3,3,1.85875295676713,0.681061328101739,0.953209358128374,0.961282516636419,0.957228915662651,0.983739837398374,0.935648945911607
79,3,3,7.07935533064569,0.712534833497946,0.597930524759793,1,0.748381128584644,0.757575757575758,0.57416607523066
36,3,3,1.65172625449142,0.474781743938907,0.626844359828653,0.812461443553362,0.707684040838259,0.690909090909091,0.536222219275196
100,3,3,2.33433570209505,0.671277280826904,0.953818827708703,0.948763250883392,0.951284322409212,0.963232323232323,0.92595064682008
33,3,3,2.24110842222732,0.710430552891018,1,1,1,1,1
