"numMicroClusters","numMacroClusters","numClasses","SSQ","silhouette","precision","recall","F1","purity","cRand"
100,3,3,4.71165645951274,0.641386979612537,0.535226077812829,0.923774954627949,0.677762982689747,0.844748858447489,0.441654815989395
100,3,3,2.17510365331607,0.700218260777412,0.979025293028994,0.980840543881335,0.979932077801791,0.990476190476191,0.970173795693421
100,3,3,1.41762540240298,0.503658812554879,0.654200230149597,0.701418877236274,0.676987198571003,0.696969696969697,0.511414830573774
100,3,3,2.05562608762798,0.670862248374754,0.980105324751317,0.986454652532391,0.983269738773114,0.990476190476191,0.974491193562613
100,3,3,1.87014679539917,0.710430552891018,1,1,1,1,1
