"numMicroClusters","numMacroClusters","numClasses","SSQ","silhouette","precision","recall","F1","purity","cRand"
100,3,3,1.99578648669735,0.67828350619629,0.930232558139535,0.943738656987296,0.936936936936937,0.976190476190476,0.904975968381268
99,3,3,2.22349784079071,0.700218260777412,0.979025293028994,0.980840543881335,0.979932077801791,0.990476190476191,0.970173795693421
100,3,3,1.41356189325405,0.503658812554879,0.654200230149597,0.701418877236274,0.676987198571003,0.696969696969697,0.511414830573774
100,3,3,2.09760994296723,0.671277280826904,0.953818827708703,0.948763250883392,0.951284322409212,0.963232323232323,0.92595064682008
100,3,3,7.113503418546,0.563719279036472,0.521845508563439,0.900482509047045,0.66076565611861,0.837837837837838,0.410932672275227
