"numMicroClusters","numMacroClusters","numClasses","SSQ","silhouette","precision","recall","F1","purity","cRand"
162,3,3,1.6700927535517,0.686709144376519,0.979381443298969,0.977011494252874,0.978195033313144,0.990476190476191,0.967282659644372
164,3,3,2.21150144234392,0.700218260777412,0.979025293028994,0.980840543881335,0.979932077801791,0.990476190476191,0.970173795693421
168,3,3,1.68629686037293,0.67144599037935,0.565652522017614,0.871684145589143,0.686088856518572,0.843434343434343,0.479245572242833
162,3,3,4.35511079590651,0.789916365355673,0.675417661097852,1,0.806267806267806,0.793103448275862,0.67192598743845
171,3,3,1.95281019136723,0.710430552891018,1,1,1,1,1
