"numMicroClusters","numMacroClusters","numClasses","SSQ","silhouette","precision","recall","F1","purity","cRand"
100,3,3,1.79938581540679,0.686709144376519,0.979381443298969,0.977011494252874,0.978195033313144,0.990476190476191,0.967282659644372
99,3,3,2.20317431191134,0.700218260777412,0.979025293028994,0.980840543881335,0.979932077801791,0.990476190476191,0.970173795693421
100,3,3,1.80144179011537,0.873657210657397,0.599039172209904,1,0.749248902241738,0.765151515151515,0.575293706257209
100,3,3,2.09558267626149,0.671277280826904,0.953818827708703,0.948763250883392,0.951284322409212,0.963232323232323,0.92595064682008
100,3,3,7.12144743232004,0.565394941255643,0.52384267316394,0.907720144752714,0.664312513793864,0.837837837837838,0.416432031358635
