"numMicroClusters","numMacroClusters","numClasses","SSQ","silhouette","precision","recall","F1","purity","cRand"
164,3,3,1.67084745413866,0.686709144376519,0.979381443298969,0.977011494252874,0.978195033313144,0.990476190476191,0.967282659644372
157,3,3,7.3429487194824,0.712534833497946,0.597930524759793,1,0.748381128584644,0.757575757575758,0.57416607523066
168,3,3,1.46296380288507,0.498559774652443,0.653415453527436,0.719925971622455,0.685060170237746,0.723913043478261,0.520395527068732
161,3,3,3.97415661897501,0.568806503761757,0.607125662012518,0.74263839811543,0.668079470198676,0.862068965517241,0.466820336157599
161,3,3,7.13922694363374,0.563719279036472,0.521845508563439,0.900482509047045,0.66076565611861,0.837837837837838,0.410932672275227
