"numMicroClusters","numMacroClusters","numClasses","SSQ","silhouette","precision","recall","F1","purity","cRand"
100,3,3,1.88561672795235,0.686709144376519,0.979381443298969,0.977011494252874,0.978195033313144,0.990476190476191,0.967282659644372
99,3,3,2.20352686773791,0.700218260777412,0.979025293028994,0.980840543881335,0.979932077801791,0.990476190476191,0.970173795693421
100,3,3,1.39814916618229,0.502500620780953,0.675741076830006,0.689080814312153,0.682345754428833,0.743589743589744,0.525410716093278
100,3,3,2.09558900212135,0.671277280826904,0.953818827708703,0.948763250883392,0.951284322409212,0.963232323232323,0.92595064682008
100,3,3,1.89220958787648,0.710430552891018,1,1,1,1,1
