"numMicroClusters","numMacroClusters","numClasses","SSQ","silhouette","precision","recall","F1","purity","cRand"
21,3,3,5.1271760009778,0.775338445302019,0.554884189325277,1,0.713730569948187,0.767123287671233,0.498181397825934
99,3,3,2.17719862350672,0.700218260777412,0.979025293028994,0.980840543881335,0.979932077801791,0.990476190476191,0.970173795693421
80,3,3,2.21295372225378,0.450451180237795,0.682331945270672,0.707587908698334,0.69473046638401,0.758048780487805,0.542032572813939
54,3,3,2.05803518131364,0.65970458552583,0.953818827708703,0.948763250883392,0.951284322409212,0.963232323232323,0.92595064682008
35,3,3,7.35481572845882,0.71560278383179,0.547918043621943,1,0.707941929974381,0.756756756756757,0.485111451213785
