"numMicroClusters","numMacroClusters","numClasses","SSQ","silhouette","precision","recall","F1","purity","cRand"
500,3,3,1.77327355718027,0.686709144376519,0.979381443298969,0.977011494252874,0.978195033313144,0.990476190476191,0.967282659644372
500,3,3,3.74338648617551,0.667282062530523,0.94077729796422,0.942521631644005,0.941648656992899,0.971428571428571,0.9132745751701
500,3,3,1.84194700234595,0.873657210657397,0.599039172209904,1,0.749248902241738,0.765151515151515,0.575293706257209
500,3,3,4.13233086781678,0.563047746117064,0.778668002003004,0.915783274440518,0.841677943166441,0.907801418439716,0.748380275411833
500,3,3,3.53899823368039,0.690179158003904,0.956574185765983,0.956574185765983,0.956574185765983,0.982456140350877,0.934702982849823
