"numMicroClusters","numMacroClusters","numClasses","SSQ","silhouette","precision","recall","F1","purity","cRand"
491,3,3,1.81857551049299,0.686709144376519,0.979381443298969,0.977011494252874,0.978195033313144,0.990476190476191,0.967282659644372
500,3,3,3.38748010141468,0.677827971728186,0.96044499381953,0.96044499381953,0.96044499381953,0.980392156862745,0.941237310746301
500,3,3,1.82826038380403,0.873657210657397,0.599039172209904,1,0.749248902241738,0.765151515151515,0.575293706257209
500,3,3,2.22654751332273,0.671277280826904,0.953818827708703,0.948763250883392,0.951284322409212,0.963232323232323,0.92595064682008
500,3,3,2.54491359482584,0.705284574810355,0.978273989136995,0.977683956574186,0.977978883861237,0.990990990990991,0.966893084314844
