"numMicroClusters","numMacroClusters","numClasses","SSQ","silhouette","precision","recall","F1","purity","cRand"
500,3,3,2.8291111909603,0.67208745612506,0.958712811171828,0.955232909860859,0.956969696969697,0.981481481481482,0.935454652141071
500,3,3,2.76121941069009,0.689882230051251,0.980210265924552,0.979604449938195,0.979907264296754,0.98989898989899,0.970154827571429
500,3,3,1.85454875818794,0.873657210657397,0.599039172209904,1,0.749248902241738,0.765151515151515,0.575293706257209
500,3,3,3.03327065756885,0.626803852820751,0.88628762541806,0.936395759717314,0.910652920962199,0.95,0.862020610068314
500,3,3,2.63909912466383,0.705284574810355,0.978273989136995,0.977683956574186,0.977978883861237,0.990990990990991,0.966893084314844
