"numMicroClusters","numMacroClusters","numClasses","SSQ","silhouette","precision","recall","F1","purity","cRand"
488,3,3,1.81496542801123,0.681061328101739,0.953209358128374,0.961282516636419,0.957228915662651,0.983739837398374,0.935648945911607
500,3,3,3.26477320788604,0.667282062530523,0.94077729796422,0.942521631644005,0.941648656992899,0.971428571428571,0.9132745751701
500,3,3,1.83016041629664,0.873657210657397,0.599039172209904,1,0.749248902241738,0.765151515151515,0.575293706257209
500,3,3,2.06803862173235,0.670862248374754,0.980105324751317,0.986454652532391,0.983269738773114,0.990476190476191,0.974491193562613
500,3,3,2.52199384841518,0.705284574810355,0.978273989136995,0.977683956574186,0.977978883861237,0.990990990990991,0.966893084314844
