"numMicroClusters","numMacroClusters","numClasses","SSQ","silhouette","precision","recall","F1","purity","cRand"
100,3,3,2.60544636296708,0.645217139438718,0.917525773195876,0.915305505142166,0.91641429436705,0.964912280701754,0.874583528636761
100,3,3,3.14993575321224,0.640042023870789,0.902020820575628,0.910383189122373,0.906182713011381,0.954954954954955,0.860312607385117
100,3,3,1.85588573756815,0.873657210657397,0.599039172209904,1,0.749248902241738,0.765151515151515,0.575293706257209
100,3,3,3.33487443046162,0.564634605757638,0.778668002003004,0.915783274440518,0.841677943166441,0.907801418439716,0.748380275411833
100,3,3,2.79092373767617,0.668700102342077,0.913565426170468,0.917973462002413,0.915764139590855,0.966666666666667,0.873185435466209
