"numMicroClusters","numMacroClusters","numClasses","SSQ","silhouette","precision","recall","F1","purity","cRand"
2,2,3,6.48519061725304,0.775338445302019,0.554884189325277,1,0.713730569948187,0.767123287671233,0.498181397825934
50,3,3,9.82086197172779,0.527122673941637,0.549855192387257,0.821384425216316,0.658736059479554,0.838383838383838,0.439084852842837
48,3,3,3.55383875851162,0.501402302960463,0.66319657072872,0.668106107341147,0.665642286416718,0.685927306616962,0.501938109595441
49,3,3,2.61049637504404,0.65267374914481,0.927251043530113,0.915783274440518,0.921481481481481,0.939864595778574,0.880870840287643
28,3,3,7.31825136794029,0.71560278383179,0.547918043621943,1,0.707941929974381,0.756756756756757,0.485111451213785
