"numMicroClusters","numMacroClusters","numClasses","SSQ","silhouette","precision","recall","F1","purity","cRand"
100,3,3,4.71037282731386,0.609731770395212,0.52592062924562,0.889897156684816,0.661123595505618,0.844748858447489,0.415943736054078
100,3,3,2.29958757801724,0.702097013187588,1,1,1,1,1
100,3,3,1.57105846899361,0.462730185187715,0.678509027373326,0.718692165330043,0.698022768124625,0.760026963262555,0.544602670941478
100,3,3,3.98808152395404,0.568806503761757,0.607125662012518,0.74263839811543,0.668079470198676,0.862068965517241,0.466820336157599
100,3,3,1.86963227259867,0.710430552891018,1,1,1,1,1
