"numMicroClusters","numMacroClusters","numClasses","SSQ","silhouette","precision","recall","F1","purity","cRand"
100,3,3,3.34119555130074,0.647078243080687,0.917525773195876,0.915305505142166,0.91641429436705,0.964912280701754,0.874583528636761
100,3,3,4.26502575979609,0.667282062530523,0.94077729796422,0.942521631644005,0.941648656992899,0.971428571428571,0.9132745751701
100,3,3,1.90206667728575,0.873657210657397,0.599039172209904,1,0.749248902241738,0.765151515151515,0.575293706257209
100,3,3,4.51718203034463,0.592012768044586,0.82086406743941,0.917550058892815,0.866518353726363,0.924242424242424,0.790745453469398
100,3,3,4.95963125707736,0.684307171454395,0.931858936043036,0.940289505428227,0.936055238667067,0.975609756097561,0.903631202961543
