"numMicroClusters","numMacroClusters","numClasses","SSQ","silhouette","precision","recall","F1","purity","cRand"
2,2,3,6.47947338191968,0.775338445302019,0.554884189325277,1,0.713730569948187,0.767123287671233,0.498181397825934
14,3,3,2.97769185297196,0.686173737118274,0.937538273116963,0.946229913473424,0.941864041833282,0.972972972972973,0.913439615723892
49,3,3,1.47098073143722,0.509718544973558,0.67046818727491,0.689080814312153,0.679647094615151,0.725641025641026,0.520459952170656
49,3,3,13.9813499949087,0.393707177625359,0.647326978864484,0.919905771495877,0.759912430065677,0.844271260596117,0.598051057918854
24,3,3,11.0714291518981,0.71560278383179,0.547918043621943,1,0.707941929974381,0.756756756756757,0.485111451213785
