"numMicroClusters","numMacroClusters","numClasses","SSQ","silhouette","precision","recall","F1","purity","cRand"
100,3,3,1.67206742629809,0.686709144376519,0.979381443298969,0.977011494252874,0.978195033313144,0.990476190476191,0.967282659644372
100,3,3,2.18424480491984,0.702097013187588,1,1,1,1,1
100,3,3,1.55990040045843,0.457696324539672,0.683496199782845,0.776681061073412,0.727115218019059,0.80787037037037,0.581225247504809
100,3,3,2.1455554705579,0.671277280826904,0.953818827708703,0.948763250883392,0.951284322409212,0.963232323232323,0.92595064682008
100,3,3,1.92482710811585,0.710430552891018,1,1,1,1,1
