"numMicroClusters","numMacroClusters","numClasses","SSQ","silhouette","precision","recall","F1","purity","cRand"
100,3,3,4.56961388429886,0.515263492162303,0.717138103161398,0.782214156079855,0.748263888888889,0.897959183673469,0.613644915050327
100,3,3,8.07222089945354,0.526841115537768,0.556461475743987,0.843634116192831,0.670596904937362,0.838383838383838,0.45650901270082
100,3,3,1.7513556428452,0.49239944918789,0.639559286463799,0.75200493522517,0.691239013325773,0.694166666666667,0.522088856160586
100,3,3,4.00868907765144,0.574281002988323,0.837455830388693,0.837455830388693,0.837455830388693,0.878267973856209,0.752584981680205
100,3,3,9.56205307009787,0.565521211269736,0.525329632199861,0.913148371531966,0.666960352422907,0.837837837837838,0.420545593285006
