"numMicroClusters","numMacroClusters","numClasses","SSQ","silhouette","precision","recall","F1","purity","cRand"
500,3,3,5.19211506135145,0.488952811856689,0.688745288099085,0.773744706594071,0.728774928774929,0.888888888888889,0.580570379425199
500,3,3,4.23744934208982,0.693981573396805,0.958179581795818,0.96291718170581,0.960542540073983,0.981481481481482,0.94131194479766
500,3,3,1.75544358941901,0.494246588013217,0.637300360638846,0.763109191856878,0.694553621560921,0.703267973856209,0.525044937119781
500,3,3,4.02499786591576,0.563371038034515,0.825629022820363,0.830977620730271,0.828294687408277,0.871221532091097,0.738199091826821
500,3,3,9.54492526747001,0.565394941255643,0.52384267316394,0.907720144752714,0.664312513793864,0.837837837837838,0.416432031358635
