"numMicroClusters","numMacroClusters","numClasses","SSQ","silhouette","precision","recall","F1","purity","cRand"
500,3,3,9.05751211426753,0.601544937260093,0.52592062924562,0.889897156684816,0.661123595505618,0.844748858447489,0.415943736054078
500,3,3,4.13578957780806,0.693981573396805,0.958179581795818,0.96291718170581,0.960542540073983,0.981481481481482,0.94131194479766
500,3,3,1.7513556428452,0.49239944918789,0.639559286463799,0.75200493522517,0.691239013325773,0.694166666666667,0.522088856160586
500,3,3,4.00868907765143,0.574281002988323,0.837455830388693,0.837455830388693,0.837455830388693,0.878267973856209,0.752584981680205
500,3,3,8.61362927225869,0.496849584790833,0.680083638264506,0.784680337756333,0.728647437692523,0.893081761006289,0.576760385785086
