"numMicroClusters","numMacroClusters","numClasses","SSQ","silhouette","precision","recall","F1","purity","cRand"
100,3,3,1.61935861401116,0.686709144376519,0.979381443298969,0.977011494252874,0.978195033313144,0.990476190476191,0.967282659644372
100,3,3,2.13807829424711,0.702097013187588,1,1,1,1,1
100,3,3,1.37128633436568,0.508637773724857,0.664404688463911,0.664404688463911,0.664404688463911,0.686328725038402,0.500992252296894
100,3,3,2.04427687765684,0.671277280826904,0.953818827708703,0.948763250883392,0.951284322409212,0.963232323232323,0.92595064682008
100,3,3,1.81168815798577,0.710430552891018,1,1,1,1,1
