"numMicroClusters","numMacroClusters","numClasses","SSQ","silhouette","precision","recall","F1","purity","cRand"
100,3,3,1.61120475106561,0.686709144376519,0.979381443298969,0.977011494252874,0.978195033313144,0.990476190476191,0.967282659644372
100,3,3,6.82220263800783,0.532892553021478,0.55059892606361,0.823856613102596,0.660064372369398,0.838383838383838,0.441029604001877
100,3,3,1.35666194239542,0.514492874740218,0.665646050214329,0.670573719925972,0.668100799016595,0.694936315625971,0.505600329377828
100,3,3,2.04420254805468,0.670862248374754,0.980105324751317,0.986454652532391,0.983269738773114,0.990476190476191,0.974491193562613
100,3,3,1.81005834942995,0.710430552891018,1,1,1,1,1
