"numMicroClusters","numMacroClusters","numClasses","SSQ","silhouette","precision","recall","F1","purity","cRand"
500,3,3,1.9176949750152,0.681061328101739,0.953209358128374,0.961282516636419,0.957228915662651,0.983739837398374,0.935648945911607
500,3,3,3.14722596598103,0.689882230051251,0.980210265924552,0.979604449938195,0.979907264296754,0.98989898989899,0.970154827571429
500,3,3,2.00998677368972,0.701539019579558,0.551282051282051,0.822331893892659,0.660064372369398,0.843434343434343,0.440808846942387
500,3,3,2.33232008663447,0.671277280826904,0.953818827708703,0.948763250883392,0.951284322409212,0.963232323232323,0.92595064682008
500,3,3,2.53041721630778,0.705284574810355,0.978273989136995,0.977683956574186,0.977978883861237,0.990990990990991,0.966893084314844
