"numMicroClusters","numMacroClusters","numClasses","SSQ","silhouette","precision","recall","F1","purity","cRand"
500,3,3,5.77091010253622,0.620443313133789,0.532934131736527,0.915305505142166,0.673642030276046,0.844748858447489,0.435261585787522
500,3,3,3.1820258159258,0.689882230051251,0.980210265924552,0.979604449938195,0.979907264296754,0.98989898989899,0.970154827571429
500,3,3,1.75039713537617,0.487055959391358,0.620991253644315,0.919802590993214,0.741422178020885,0.85792349726776,0.575417707984704
500,3,3,4.4669972103558,0.551574534888972,0.60806916426513,0.745583038869258,0.66984126984127,0.862068965517241,0.469302423395227
500,3,3,2.52004135628701,0.705284574810355,0.978273989136995,0.977683956574186,0.977978883861237,0.990990990990991,0.966893084314844
