"numMicroClusters","numMacroClusters","numClasses","SSQ","silhouette","precision","recall","F1","purity","cRand"
100,3,3,5.19214591069296,0.488952811856689,0.688745288099085,0.773744706594071,0.728774928774929,0.888888888888889,0.580570379425199
100,3,3,8.15098330300206,0.522202187684228,0.554463554463554,0.836835599505562,0.666995073891626,0.838383838383838,0.451203671631451
100,3,3,1.75544395538413,0.494246588013217,0.637300360638846,0.763109191856878,0.694553621560921,0.703267973856209,0.525044937119781
100,3,3,4.02498451609634,0.563371038034515,0.825629022820363,0.830977620730271,0.828294687408277,0.871221532091097,0.738199091826821
100,3,3,8.82214315118605,0.496849584790833,0.680083638264506,0.784680337756333,0.728647437692523,0.893081761006289,0.576760385785086
