"numMicroClusters","numMacroClusters","numClasses","SSQ","precision","purity","cRand"
2,2,3,21.0537993512662,0.337979797979798,0.41,0
2,2,3,20.2438409761627,0.335555555555556,0.39,0
2,2,3,26.8483647931464,0.32989898989899,0.38,0
2,2,3,15.7006159944027,0.335151515151515,0.4,0
2,2,3,20.5626586961534,0.331111111111111,0.37,0
