"numMicroClusters","numMacroClusters","numClasses","SSQ","silhouette","precision","recall","F1","purity","cRand"
42,3,3,5.78919780629289,0.325905107351401,0.696073679108095,0.85833831440526,0.768736616702355,0.791666666666667,0.631005033302555
60,3,3,4.7828409350351,0.452995658798838,0.654985398414685,0.94521372667068,0.773780187284376,0.745210727969349,0.625206177429628
74,3,3,5.11795976299673,0.656549376126161,0.624168947985921,0.977342314758114,0.7618138424821,0.833333333333333,0.601261988332226
83,3,3,5.42274790170308,0.154042186437592,0.561716672996582,0.891500904159132,0.689189189189189,0.799019607843137,0.472120549622011
96,3,3,7.24288839119308,0.455549862885009,0.613941018766756,0.978035387431361,0.754352941176471,0.854166666666667,0.585868398179866
