"numMicroClusters","numMacroClusters","numClasses","SSQ","silhouette","precision","recall","F1","purity","cRand"
100,3,3,3.09641998206864,0.295159680720566,0.984019668100799,0.956963538553497,0.97030303030303,0.990740740740741,0.955458872774344
100,3,3,2.24650936065456,0.599825496304046,0.933290978398983,0.884406983744732,0.908191653786708,0.841666666666667,0.863678368669179
100,3,3,2.24763210840009,0.230779164912445,0.649333333333333,0.8946723821188,0.752510945145506,0.625,0.599325323124739
100,3,3,4.2488183283629,0.580129634985561,0.876196553924697,0.827606992163954,0.851208927464352,0.87719298245614,0.779374772619518
100,3,3,2.41713644992091,0.645828973133823,0.961561928004881,0.961561928004881,0.961561928004881,0.979086229086229,0.942534443861118
