"numMicroClusters","numMacroClusters","numClasses","SSQ","silhouette","precision","recall","F1","purity","cRand"
50,3,3,3.09050577910051,0.520780609803252,1,0.946204423191871,0.972358722358722,1,0.95882808178046
50,3,3,2.2448526977988,0.376396117632461,0.93544382371198,0.907284768211921,0.921149144254279,0.966666666666667,0.882236950210878
50,3,3,2.23987204582792,0.654619110426577,0.626541897065079,0.902020820575628,0.739457831325301,0.636158192090395,0.573333762925336
50,3,3,4.23860288198364,0.527889578274324,0.865910607071381,0.782399035563592,0.822039265357821,0.87719298245614,0.73899503659924
50,3,3,2.41567703868151,0.439835086584044,0.945726762320649,0.924954240390482,0.935225169648365,0.975198412698413,0.903689948899619
