"numMicroClusters","numMacroClusters","numClasses","SSQ","precision","purity","cRand"
77,1,3,38.0523231232609,0.340416398368749,0.5446735395189,0.00713363250081591
101,1,3,42.0505066833136,0.336982185018244,0.534364261168385,0.00416289139321166
123,1,3,45.7971840774403,0.32940681531342,0.438775510204082,-0.00143973374248858
138,1,3,39.8990714043031,0.33298275136727,0.693877551020408,-0.00639125271483596
152,1,3,43.6043505786381,0.330037862852335,0.678571428571429,-0.00314486514473095
