"numMicroClusters","numMacroClusters","numClasses","SSQ","precision","purity","cRand"
42,1,3,37.5245472184769,0.340416398368749,0.5446735395189,0.00713363250081591
60,1,3,40.9898158588667,0.336982185018244,0.534364261168385,0.00416289139321166
74,1,3,46.0246873909526,0.329004329004329,0.686868686868687,-0.00264366555803267
83,1,3,37.0936608706138,0.33290405666452,0.529209621993127,-0.00655444032318093
96,1,3,41.8653838568994,0.33044733044733,0.681818181818182,-0.00196487631042607
