"numMicroClusters","numMacroClusters","numClasses","SSQ","precision","purity","cRand"
2,1,3,37.0567612123705,0.350314026517795,0.577572964669739,0.0345883816151154
2,1,3,39.3419899442308,0.374962017623823,0.580168776371308,0.0945454015251297
2,1,3,47.7401330385848,0.355241264559068,0.68452380952381,0.063910238124807
2,1,3,34.1786462084815,0.348638547784303,0.60797342192691,0.0349147486562793
2,1,3,39.8176835541436,0.365642994241843,0.56359649122807,0.0801120143283346
