"numMicroClusters","numMacroClusters","numClasses","SSQ","silhouette","precision","recall","F1","purity","cRand"
77,3,3,6.63522539943924,0.466229075224,0.671180702496826,0.947997609085475,0.785926660059465,0.740079365079365,0.645713965718883
101,3,3,4.69203640981015,0.527266540009034,0.654985398414685,0.94521372667068,0.773780187284376,0.745210727969349,0.625206177429628
123,3,3,2.975362157071,0.748625041685192,0.62715258309972,0.958971218616044,0.758353510895884,0.669398907103825,0.59798338223894
138,3,3,4.21982936894476,0.138342351303518,0.558727864112758,0.931886678722122,0.698599186624492,0.882142857142857,0.481190534667673
152,3,3,5.06460781743444,0.397436357831552,0.615535504119262,0.957291031116534,0.749283667621777,0.851851851851852,0.579999253332006
