"numMicroClusters","numMacroClusters","numClasses","SSQ","silhouette","precision","recall","F1","purity","cRand"
77,3,3,2.99339589666251,0.707671883543085,0.984403119376125,0.980872683801554,0.982634730538922,0.987654320987654,0.97379331018333
101,3,3,2.29201469369914,0.665258544239535,0.958407605466429,0.971101745936183,0.964712918660287,0.981981981981982,0.94671531528277
123,3,3,2.64306527279763,0.859465832758761,0.62952968388589,1,0.772651999053702,0.75,0.617966170898209
138,3,3,2.52004646417398,0.700879001884347,0.959975742874469,0.954189270644967,0.957073760580411,0.980952380952381,0.935532794079693
152,3,3,2.65031111043662,0.65520258317329,0.933731343283582,0.954240390482001,0.943874471937236,0.975,0.915637756387643
