"numMicroClusters","numMacroClusters","numClasses","SSQ","silhouette","precision","recall","F1","purity","cRand"
77,3,3,2.94580576752605,0.707671883543085,0.984403119376125,0.980872683801554,0.982634730538922,0.987654320987654,0.97379331018333
101,3,3,2.17781449870037,0.665258544239535,0.958407605466429,0.971101745936183,0.964712918660287,0.981981981981982,0.94671531528277
123,3,3,2.62857630020089,0.859465832758761,0.62952968388589,1,0.772651999053702,0.75,0.617966170898209
138,3,3,2.39839137641755,0.707780859126788,0.980036297640653,0.976491862567812,0.978260869565217,0.990196078431373,0.967331961715699
152,3,3,2.5087106050114,0.659416288083191,0.955448524984949,0.968273337400854,0.961818181818182,0.982905982905983,0.942728545426263
