"numMicroClusters","numMacroClusters","numClasses","SSQ","silhouette","precision","recall","F1","purity","cRand"
42,3,3,5.36380292523916,0.718301921997418,1,1,1,1,1
60,3,3,4.3079211355387,0.662013298730892,0.952525867315886,0.942203491872366,0.947336561743341,0.96551724137931,0.920958112847184
74,3,3,4.88867896848889,0.622110454247325,0.599916736053289,0.882424984690753,0.714250309789343,0.833333333333333,0.529419495761902
83,3,3,6.35907929031623,0.699570482530674,0.976004799040192,0.980711271850512,0.978352375225496,0.991869918699187,0.967400234564642
96,3,3,4.72366020596504,0.629498157057182,0.929230769230769,0.921293471629042,0.925245098039216,0.957142857142857,0.888476969173734
