"numMicroClusters","numMacroClusters","numClasses","SSQ","silhouette","precision","recall","F1","purity","cRand"
18,2,3,12.6443115454191,0.281545815205771,0.545383716400467,0.836820083682008,0.660377358490566,0.630718954248366,0.42510648998961
18,3,3,4.17319392694548,0.628505481465866,0.642335766423358,0.900662251655629,0.749874686716792,0.65632183908046,0.588789736133214
19,2,3,3.55190405353179,0.672014116809181,0.622300572939621,0.864666258420086,0.723731419784726,0.642857142857143,0.551751940005776
19,2,3,12.5243169502646,0.378238755681225,0.600548804390435,0.923447860156721,0.727790973871734,0.7,0.5416104457256
18,3,3,3.4827206617722,0.364426009104582,0.65706940874036,0.779743746186699,0.713169642857143,0.791666666666667,0.552260474840058
