"numMicroClusters","numMacroClusters","numClasses","SSQ","silhouette","precision","recall","F1","purity","cRand"
42,3,3,5.1020457273644,0.718301921997418,1,1,1,1,1
60,3,3,4.15471126875356,0.662013298730892,0.952525867315886,0.942203491872366,0.947336561743341,0.96551724137931,0.920958112847184
74,3,3,4.9316235210264,0.62400168639492,0.618953211736717,0.955909369259032,0.751383874849579,0.833333333333333,0.585305356728956
83,3,3,5.07655791876478,0.714326567337497,1,1,1,1,1
96,3,3,4.48616121666492,0.636132264440412,0.94543225015328,0.940817571690055,0.943119266055046,0.967752234993614,0.915065218141339
