"numMicroClusters","numMacroClusters","numClasses","SSQ","silhouette","precision","recall","F1","purity","cRand"
18,2,3,12.6443115454191,0.281545815205771,0.545383716400467,0.836820083682008,0.660377358490566,0.630718954248366,0.42510648998961
18,2,3,4.66026556010548,0.628505481465866,0.642335766423358,0.900662251655629,0.749874686716792,0.65632183908046,0.588789736133214
19,1,3,47.7975171420649,0.328448476389858,0.402457757296467,-0.00402888075899118,NA,NA,NA
19,2,3,12.5243169502646,0.378238755681225,0.600548804390435,0.923447860156721,0.727790973871734,0.7,0.5416104457256
19,3,3,4.61870994576414,0.578343608980132,0.604390873869996,0.856619890176937,0.708732963149924,0.69672131147541,0.52386017094456
