"numMicroClusters","numMacroClusters","numClasses","SSQ","precision","purity","cRand","NA","NA","NA"
18,2,3,12.6443115454191,0.281545815205771,0.545383716400467,0.836820083682008,0.660377358490566,0.630718954248366,0.42510648998961
18,2,3,4.66026556010548,0.628505481465866,0.642335766423358,0.900662251655629,0.749874686716792,0.65632183908046,0.588789736133214
19,1,3,47.7975171420649,0.328448476389858,0.402457757296467,-0.00402888075899118,NA,NA,NA
19,1,3,34.7732668809725,0.335523434077968,0.453125,0.00107330537836316,NA,NA,NA
19,1,3,38.9974165970672,0.333175130517323,0.445652173913043,0.00568037513116087,NA,NA,NA
