"numMicroClusters","numMacroClusters","numClasses","SSQ","silhouette","precision","recall","F1","purity","cRand"
2,2,3,21.0537993512662,0.44433255865024,0.549079754601227,0.962940824865511,0.699370523116996,0.749007936507937,0.472126476209483
2,2,3,20.2438409761627,0.535575031604415,0.607796340493238,0.91992775436484,0.731976047904192,0.752873563218391,0.550209821691758
2,2,3,26.8483647931464,0.859465832758761,0.62952968388589,1,0.772651999053702,0.75,0.617966170898209
2,2,3,15.7006159944027,0.479829245793547,0.585034013605442,0.933092224231465,0.719163763066202,0.747395833333333,0.522394556181397
2,2,3,20.5626586961534,0.509224406063038,0.597575757575758,0.902379499694936,0.71900826446281,0.729292929292929,0.532929292929293
