"numMicroClusters","numMacroClusters","numClasses","SSQ","silhouette","precision","recall","F1","purity","cRand"
100,3,3,1.91679614786771,0.718301921997418,1,1,1,1,1
100,3,3,1.81809336647549,0.676690930050377,1,1,1,1,1
98,3,3,1.66794293137074,0.544238489769359,0.708002443494197,0.709736680955297,0.708868501529052,0.699059561128527,0.565279078765077
83,3,3,1.80967949407913,0.714326567337497,1,1,1,1,1
66,3,3,2.03759647009479,0.659416288083191,0.955448524984949,0.968273337400854,0.961818181818182,0.982905982905983,0.942728545426263
