"numMicroClusters","numMacroClusters","numClasses","SSQ","silhouette","precision","recall","F1","purity","cRand"
100,3,3,1.9100141833539,0.718301921997418,1,1,1,1,1
100,3,3,1.81199490575352,0.676690930050377,1,1,1,1,1
99,3,3,2.00582297313075,0.643433079375263,0.571364852809991,0.784445805266381,0.661161290322581,0.833333333333333,0.451942249511294
100,3,3,1.80937767803555,0.714326567337497,1,1,1,1,1
100,3,3,2.03146474741211,0.659416288083191,0.955448524984949,0.968273337400854,0.961818181818182,0.982905982905983,0.942728545426263
