"numMicroClusters","numMacroClusters","numClasses","SSQ","silhouette","precision","recall","F1","purity","cRand"
200,3,3,2.01692121714644,0.718301921997418,1,1,1,1,1
200,3,3,1.93580269480453,0.673856400344765,0.984271022383545,0.979530403371463,0.981894990947495,0.987654320987654,0.972784836920695
200,3,3,2.01122365894613,0.652145569584937,0.572698977323255,0.788732394366197,0.663575476558475,0.833333333333333,0.455405450713549
200,3,3,1.88512415539806,0.714326567337497,1,1,1,1,1
200,3,3,2.10992136645631,0.654438921047341,0.977562158884172,0.98352654057352,0.980535279805353,0.991228070175439,0.970856043019719
