"numMicroClusters","numMacroClusters","numClasses","SSQ","silhouette","precision","recall","F1","purity","cRand"
73,3,3,1.91968195140036,0.718301921997418,1,1,1,1,1
100,3,3,1.807858314044,0.676690930050377,1,1,1,1,1
93,3,3,2.00259063789973,0.652145569584937,0.572698977323255,0.788732394366197,0.663575476558475,0.833333333333333,0.455405450713549
65,3,3,1.91353628881705,0.714326567337497,1,1,1,1,1
86,3,3,2.02781027838165,0.659416288083191,0.955448524984949,0.968273337400854,0.961818181818182,0.982905982905983,0.942728545426263
