"numMicroClusters","numMacroClusters","numClasses","SSQ","silhouette","precision","recall","F1","purity","cRand"
93,3,3,1.92536251236824,0.718301921997418,1,1,1,1,1
95,3,3,4.1546241202076,0.584336275066573,0.585798816568047,0.774834437086093,0.667185069984448,0.85792349726776,0.461311982219007
94,3,3,1.67882211310524,0.540987774883554,0.708511941212492,0.708511941212492,0.708511941212492,0.698924731182796,0.565008775701488
75,3,3,1.829856431674,0.714326567337497,1,1,1,1,1
82,3,3,2.03184044507227,0.659416288083191,0.955448524984949,0.968273337400854,0.961818181818182,0.982905982905983,0.942728545426263
