"numMicroClusters","numMacroClusters","numClasses","SSQ","silhouette","precision","recall","F1","purity","cRand"
75,3,3,1.91665789192168,0.718301921997418,1,1,1,1,1
99,3,3,1.83113790489593,0.673856400344765,0.984271022383545,0.979530403371463,0.981894990947495,0.987654320987654,0.972784836920695
93,3,3,2.01852052052134,0.654331441253755,0.571364852809991,0.784445805266381,0.661161290322581,0.833333333333333,0.451942249511294
100,3,3,1.8367244565924,0.714326567337497,1,1,1,1,1
85,3,3,4.29760589454933,0.608469145925638,0.563789473684211,0.816961561928005,0.667164922770304,0.856410256410256,0.452733148240863
