"numMicroClusters","numMacroClusters","numClasses","SSQ","silhouette","precision","recall","F1","purity","cRand"
100,3,3,1.90181361365321,0.718301921997418,1,1,1,1,1
100,3,3,1.80719056057696,0.676690930050377,1,1,1,1,1
100,3,3,2.01115993584674,0.654331441253755,0.571364852809991,0.784445805266381,0.661161290322581,0.833333333333333,0.451942249511294
100,3,3,1.80770188867839,0.714326567337497,1,1,1,1,1
100,3,3,4.32532909065511,0.60570798679296,0.56305356389709,0.814521049420378,0.665835411471322,0.856410256410256,0.450790661073171
