"numMicroClusters","numMacroClusters","numClasses","SSQ","silhouette","precision","recall","F1","purity","cRand"
93,3,3,1.91344206701975,0.718301921997418,1,1,1,1,1
94,3,3,1.81057247569404,0.676690930050377,1,1,1,1,1
74,3,3,2.01234089201502,0.652145569584937,0.572698977323255,0.788732394366197,0.663575476558475,0.833333333333333,0.455405450713549
89,3,3,1.81750047685316,0.714326567337497,1,1,1,1,1
92,3,3,2.0260388599426,0.659416288083191,0.955448524984949,0.968273337400854,0.961818181818182,0.982905982905983,0.942728545426263
