"numMicroClusters","numMacroClusters","numClasses","SSQ","silhouette","precision","recall","F1","purity","cRand"
200,3,3,2.059597100834,0.718301921997418,1,1,1,1,1
200,3,3,4.22077994346017,0.584553258468867,0.585043319653443,0.772426249247441,0.665801764400623,0.85792349726776,0.459335419126989
200,3,3,2.01217857667256,0.654331441253755,0.571364852809991,0.784445805266381,0.661161290322581,0.833333333333333,0.451942249511294
200,3,3,1.88117543360551,0.714326567337497,1,1,1,1,1
200,3,3,2.13280324393841,0.654438921047341,0.977562158884172,0.98352654057352,0.980535279805353,0.991228070175439,0.970856043019719
