"numMicroClusters","numMacroClusters","numClasses","SSQ","silhouette","precision","recall","F1","purity","cRand"
184,3,3,1.99991343822099,0.718301921997418,1,1,1,1,1
186,3,3,4.14234194824314,0.584045045241895,0.584664536741214,0.771222155328116,0.665109034267913,0.85792349726776,0.458346318714438
180,3,3,1.64287615923353,0.554976341928292,0.715590742996346,0.719534598897734,0.717557251908397,0.731792717086835,0.577936186071447
187,3,3,1.86338749354324,0.714326567337497,1,1,1,1,1
165,3,3,2.07150283202241,0.659416288083191,0.955448524984949,0.968273337400854,0.961818181818182,0.982905982905983,0.942728545426263
