"numMicroClusters","numMacroClusters","numClasses","SSQ","silhouette","precision","recall","F1","purity","cRand"
49,3,3,1.93675463896487,0.718301921997418,1,1,1,1,1
50,3,3,1.87540038808709,0.676690930050377,1,1,1,1,1
50,3,3,2.05080447469938,0.64012268939896,0.574402125775022,0.794243723208818,0.666666666666667,0.833333333333333,0.459848044165561
50,3,3,1.93341897980961,0.714326567337497,1,1,1,1,1
50,3,3,2.02754826592495,0.659416288083191,0.955448524984949,0.968273337400854,0.961818181818182,0.982905982905983,0.942728545426263
