"numMicroClusters","numMacroClusters","numClasses","SSQ","silhouette","precision","recall","F1","purity","cRand"
93,3,3,1.90991059471301,0.718301921997418,1,1,1,1,1
69,3,3,4.16337692109179,0.569661442083556,0.588421528720036,0.783263094521373,0.672004132231405,0.85792349726776,0.4682128042074
100,3,3,1.64925535459662,0.555235481486252,0.71351025331725,0.724433557868953,0.718930416286843,0.732905982905983,0.578981854681133
90,3,3,6.89228222377421,0.564813708576443,0.528403001071811,0.891500904159132,0.663526244952894,0.849315068493151,0.419014902795912
91,3,3,2.04505958166194,0.659416288083191,0.955448524984949,0.968273337400854,0.961818181818182,0.982905982905983,0.942728545426263
