"numMicroClusters","numMacroClusters","numClasses","SSQ","silhouette","precision","recall","F1","purity","cRand"
67,3,3,1.92629354099104,0.718301921997418,1,1,1,1,1
92,3,3,4.0975832733771,0.584045045241895,0.584664536741214,0.771222155328116,0.665109034267913,0.85792349726776,0.458346318714438
87,3,3,1.64961600513252,0.563933950820191,0.707478890229192,0.71830985915493,0.71285323609845,0.710826210826211,0.569878759647212
95,3,3,6.88614337537069,0.564813708576443,0.528403001071811,0.891500904159132,0.663526244952894,0.849315068493151,0.419014902795912
65,3,3,4.28071637290436,0.614146568823193,0.572783505154639,0.847467968273337,0.683562992125984,0.856410256410256,0.476834064096189
