"numMicroClusters","numMacroClusters","numClasses","SSQ","silhouette","precision","recall","F1","purity","cRand"
93,3,3,1.90236504851647,0.718301921997418,1,1,1,1,1
100,3,3,4.09738935100592,0.584553258468867,0.585043319653443,0.772426249247441,0.665801764400623,0.85792349726776,0.459335419126989
77,3,3,1.64953595406523,0.560075952333498,0.704518430439952,0.725658297611757,0.714932126696833,0.711988304093567,0.57147128786631
69,3,3,1.87236529594681,0.714326567337497,1,1,1,1,1
95,3,3,2.01998843089579,0.659416288083191,0.955448524984949,0.968273337400854,0.961818181818182,0.982905982905983,0.942728545426263
