"numMicroClusters","numMacroClusters","numClasses","SSQ","silhouette","precision","recall","F1","purity","cRand"
191,3,3,5.55630310124993,0.490467601696327,0.593557555660824,0.748953974895398,0.662262156448203,0.853107344632768,0.457796659648247
158,3,3,1.88632758476583,0.673856400344765,0.984271022383545,0.979530403371463,0.981894990947495,0.987654320987654,0.972784836920695
175,3,3,1.66092074142004,0.545097259887232,0.718617343844754,0.725658297611757,0.722120658135283,0.74320987654321,0.584319573756297
176,3,3,6.89465198305222,0.564813708576443,0.528403001071811,0.891500904159132,0.663526244952894,0.849315068493151,0.419014902795912
183,3,3,2.08173529015925,0.654438921047341,0.977562158884172,0.98352654057352,0.980535279805353,0.991228070175439,0.970856043019719
