"numMicroClusters","numMacroClusters","numClasses","SSQ","silhouette","precision","recall","F1","purity","cRand"
2,2,3,8.51007038894394,0.747261027151549,0.661003555906756,1,0.795908658420552,0.779661016949152,0.655856532421732
47,3,3,1.86210161798028,0.676690930050377,1,1,1,1,1
49,3,3,1.69876027859749,0.557631052905538,0.703860072376357,0.714635639926516,0.709206927985415,0.688746438746439,0.564416902626859
50,3,3,1.83417870417823,0.714326567337497,1,1,1,1,1
50,3,3,2.1615187719651,0.659416288083191,0.955448524984949,0.968273337400854,0.961818181818182,0.982905982905983,0.942728545426263
