"numMicroClusters","numMacroClusters","numClasses","SSQ","silhouette","precision","recall","F1","purity","cRand"
100,3,3,5.47341395553586,0.493662229394788,0.617476593847526,0.827854154213987,0.707354443309499,0.853107344632768,0.52246470740851
100,3,3,1.8140334743175,0.676690930050377,1,1,1,1,1
84,3,3,1.64149948805748,0.560075952333498,0.704518430439952,0.725658297611757,0.714932126696833,0.711988304093567,0.57147128786631
84,3,3,1.82001426543836,0.714326567337497,1,1,1,1,1
94,3,3,2.02192754075419,0.659416288083191,0.955448524984949,0.968273337400854,0.961818181818182,0.982905982905983,0.942728545426263
