"numMicroClusters","numMacroClusters","numClasses","SSQ","silhouette","precision","recall","F1","purity","cRand"
50,3,3,1.9206694476197,0.718301921997418,1,1,1,1,1
49,3,3,4.40082512309153,0.582087000202277,0.585798816568047,0.774834437086093,0.667185069984448,0.85792349726776,0.461311982219007
50,3,3,1.66380100402832,0.5606794974008,0.706488781079442,0.713410900183711,0.70993296770262,0.699470899470899,0.566087976114029
50,3,3,1.84324367937958,0.714326567337497,1,1,1,1,1
49,3,3,2.06643738822337,0.659416288083191,0.955448524984949,0.968273337400854,0.961818181818182,0.982905982905983,0.942728545426263
