"numMicroClusters","numMacroClusters","numClasses","SSQ","silhouette","precision","recall","F1","purity","cRand"
94,3,3,5.42790281819704,0.493662229394788,0.617476593847526,0.827854154213987,0.707354443309499,0.853107344632768,0.52246470740851
95,3,3,1.80601219483909,0.676690930050377,1,1,1,1,1
86,3,3,1.642302272558,0.560075952333498,0.704518430439952,0.725658297611757,0.714932126696833,0.711988304093567,0.57147128786631
94,3,3,6.88036437671242,0.564813708576443,0.528403001071811,0.891500904159132,0.663526244952894,0.849315068493151,0.419014902795912
68,3,3,2.02278081438317,0.659416288083191,0.955448524984949,0.968273337400854,0.961818181818182,0.982905982905983,0.942728545426263
