"numMicroClusters","numMacroClusters","numClasses","SSQ","silhouette","precision","recall","F1","purity","cRand"
50,3,3,1.95682017770969,0.718301921997418,1,1,1,1,1
50,3,3,1.8712425976087,0.676690930050377,1,1,1,1,1
50,3,3,1.67635794074415,0.55653014019271,0.707478890229192,0.71830985915493,0.71285323609845,0.710826210826211,0.569878759647212
50,3,3,1.93174928302158,0.714326567337497,1,1,1,1,1
50,3,3,2.02676365284317,0.659416288083191,0.955448524984949,0.968273337400854,0.961818181818182,0.982905982905983,0.942728545426263
