"numMicroClusters","numMacroClusters","numClasses","SSQ","silhouette","precision","recall","F1","purity","cRand"
85,3,3,5.33165072214081,0.526152456294848,0.594709494567785,0.752540346682606,0.664379947229551,0.853107344632768,0.460786992021422
94,3,3,4.10363400961182,0.584045045241895,0.584664536741214,0.771222155328116,0.665109034267913,0.85792349726776,0.458346318714438
96,3,3,2.00994339560086,0.656834584828152,0.572698977323255,0.788732394366197,0.663575476558475,0.833333333333333,0.455405450713549
91,3,3,1.80762400583363,0.714326567337497,1,1,1,1,1
63,3,3,2.01865984251371,0.659416288083191,0.955448524984949,0.968273337400854,0.961818181818182,0.982905982905983,0.942728545426263
