"numMicroClusters","numMacroClusters","numClasses","SSQ","silhouette","precision","recall","F1","purity","cRand"
41,3,3,1.93293193336582,0.718301921997418,1,1,1,1,1
34,3,3,1.83527974434124,0.673856400344765,0.984271022383545,0.979530403371463,0.981894990947495,0.987654320987654,0.972784836920695
71,3,3,2.0109294370267,0.654331441253755,0.571364852809991,0.784445805266381,0.661161290322581,0.833333333333333,0.451942249511294
90,3,3,1.88715491887825,0.714326567337497,1,1,1,1,1
51,3,3,2.03445196894507,0.659416288083191,0.955448524984949,0.968273337400854,0.961818181818182,0.982905982905983,0.942728545426263
