"numMicroClusters","numMacroClusters","numClasses","SSQ","silhouette","precision","recall","F1","purity","cRand"
2,2,3,8.51007280681316,0.747261027151549,0.661003555906756,1,0.795908658420552,0.779661016949152,0.655856532421732
49,3,3,1.83514883904262,0.676690930050377,1,1,1,1,1
50,3,3,2.01572245592587,0.661204322565879,0.578878177037686,0.808940600122474,0.674840357598978,0.833333333333333,0.471639757650317
48,3,3,7.15376435036193,0.559258551814789,0.528403001071811,0.891500904159132,0.663526244952894,0.849315068493151,0.419014902795912
50,3,3,2.78702517461358,0.571411721584243,0.830200121285628,0.835265405735204,0.832725060827251,0.912280701754386,0.749544119700708
