"numMicroClusters","numMacroClusters","numClasses","SSQ","silhouette","precision","recall","F1","purity","cRand"
47,3,3,1.92490132669204,0.718301921997418,1,1,1,1,1
74,3,3,1.86264879401709,0.676690930050377,1,1,1,1,1
79,3,3,2.15329384479669,0.460493304728927,0.683980317113177,0.766074709124311,0.722703639514731,0.680174291938998,0.574322701015624
25,3,3,1.97238462447586,0.714326567337497,1,1,1,1,1
51,3,3,2.03878040612138,0.659416288083191,0.955448524984949,0.968273337400854,0.961818181818182,0.982905982905983,0.942728545426263
