"numMicroClusters","numMacroClusters","numClasses","SSQ","silhouette","precision","recall","F1","purity","cRand"
51,3,3,1.94047092817826,0.718301921997418,1,1,1,1,1
61,3,3,1.85179941062901,0.676690930050377,1,1,1,1,1
79,3,3,2.1271427617287,0.455883470850483,0.687569367369589,0.758726270667483,0.721397379912664,0.692760942760943,0.573917526644827
99,3,3,1.81862188346679,0.714326567337497,1,1,1,1,1
50,3,3,2.05224331469182,0.65520258317329,0.933731343283582,0.954240390482001,0.943874471937236,0.975,0.915637756387643
