"numMicroClusters","numMacroClusters","numClasses","SSQ","silhouette","precision","recall","F1","purity","cRand"
84,3,3,1.9076031488049,0.718301921997418,1,1,1,1,1
77,3,3,1.82514653898887,0.676690930050377,1,1,1,1,1
66,3,3,1.66687669453711,0.5606794974008,0.706488781079442,0.713410900183711,0.70993296770262,0.699470899470899,0.566087976114029
71,3,3,7.08949146803899,0.562992413718391,0.528065784769396,0.890295358649789,0.662926391382406,0.849315068493151,0.418091637359536
93,3,3,2.01813962195684,0.659416288083191,0.955448524984949,0.968273337400854,0.961818181818182,0.982905982905983,0.942728545426263
