"numMicroClusters","numMacroClusters","numClasses","SSQ","silhouette","precision","recall","F1","purity","cRand"
50,3,3,1.95312555737847,0.718301921997418,1,1,1,1,1
48,3,3,1.87752654174971,0.667748309147502,0.96842744383728,0.960264900662252,0.964328899637243,0.976190476190476,0.946428895708864
50,3,3,2.01551056987031,0.656834584828152,0.572698977323255,0.788732394366197,0.663575476558475,0.833333333333333,0.455405450713549
50,3,3,1.81563548913645,0.714326567337497,1,1,1,1,1
48,3,3,2.04753567382577,0.659416288083191,0.955448524984949,0.968273337400854,0.961818181818182,0.982905982905983,0.942728545426263
