"numMicroClusters","numMacroClusters","numClasses","SSQ","silhouette","precision","recall","F1","purity","cRand"
46,3,3,1.96011597215497,0.718301921997418,1,1,1,1,1
33,3,3,1.86953198791147,0.673856400344765,0.984271022383545,0.979530403371463,0.981894990947495,0.987654320987654,0.972784836920695
77,3,3,2.38153307129237,0.642603471872263,0.591758708581138,0.853031230863442,0.698771005768749,0.833333333333333,0.506540202661369
144,3,3,1.8167443004146,0.714326567337497,1,1,1,1,1
58,3,3,2.05693101429756,0.659416288083191,0.955448524984949,0.968273337400854,0.961818181818182,0.982905982905983,0.942728545426263
