"numMicroClusters","numMacroClusters","numClasses","SSQ","silhouette","precision","recall","F1","purity","cRand"
65,3,3,1.94478276118937,0.718301921997418,1,1,1,1,1
95,3,3,1.80601224065326,0.676690930050377,1,1,1,1,1
63,3,3,1.65528344148185,0.561196753096387,0.700700116686114,0.735456215554195,0.71765760382432,0.713636363636364,0.573576404734266
90,3,3,1.80499376599439,0.714326567337497,1,1,1,1,1
98,3,3,2.02107045202247,0.659416288083191,0.955448524984949,0.968273337400854,0.961818181818182,0.982905982905983,0.942728545426263
