"numMicroClusters","numMacroClusters","numClasses","SSQ","silhouette","precision","recall","F1","purity","cRand"
40,3,3,2.58807532053044,0.707671883543085,0.984403119376125,0.980872683801554,0.982634730538922,0.987654320987654,0.97379331018333
37,3,3,3.01336561053771,0.666093865948635,0.96842744383728,0.960264900662252,0.964328899637243,0.976190476190476,0.946428895708864
72,3,3,2.03641321714093,0.528228416287831,0.69612314709236,0.747703612982241,0.720992028343667,0.715873015873016,0.576178893595647
28,3,3,2.30711624157115,0.714326567337497,1,1,1,1,1
60,3,3,2.0548029903584,0.659416288083191,0.955448524984949,0.968273337400854,0.961818181818182,0.982905982905983,0.942728545426263
