"numMicroClusters","numMacroClusters","numClasses","SSQ","silhouette","precision","recall","F1","purity","cRand"
38,3,3,7.51798485159645,0.474596434193613,0.635048915355168,0.892408846383742,0.742047713717694,0.853107344632768,0.573684941547518
39,3,3,1.91026491256442,0.673856400344765,0.984271022383545,0.979530403371463,0.981894990947495,0.987654320987654,0.972784836920695
30,3,3,2.0764012547989,0.46441568892219,0.692702394526796,0.744029393753827,0.717449069973428,0.691269841269841,0.570797038276226
28,3,3,1.94770041323503,0.714326567337497,1,1,1,1,1
60,3,3,2.06186772712517,0.659416288083191,0.955448524984949,0.968273337400854,0.961818181818182,0.982905982905983,0.942728545426263
