"numMicroClusters","numMacroClusters","numClasses","SSQ","silhouette","precision","recall","F1","purity","cRand"
2,2,3,8.53468487969128,0.747261027151549,0.661003555906756,1,0.795908658420552,0.779661016949152,0.655856532421732
48,3,3,1.90220766642496,0.676690930050377,1,1,1,1,1
49,3,3,2.13959291581699,0.528663224295697,0.674817898022893,0.794243723208818,0.729676511954993,0.666666666666667,0.579774660737573
50,3,3,1.94289394440517,0.714326567337497,1,1,1,1,1
50,3,3,6.11327416249009,0.779191660723239,0.612710280373832,1,0.759851645804358,0.784615384615385,0.592535943713674
