"numMicroClusters","numMacroClusters","numClasses","SSQ","silhouette","precision","recall","F1","purity","cRand"
44,3,3,1.98770888571615,0.718301921997418,1,1,1,1,1
66,3,3,4.2108199866585,0.584553258468867,0.585043319653443,0.772426249247441,0.665801764400623,0.85792349726776,0.459335419126989
100,3,3,2.41700658702335,0.642603471872263,0.591758708581138,0.853031230863442,0.698771005768749,0.833333333333333,0.506540202661369
99,3,3,1.82398581765176,0.714326567337497,1,1,1,1,1
59,3,3,2.04306275331251,0.659416288083191,0.955448524984949,0.968273337400854,0.961818181818182,0.982905982905983,0.942728545426263
