"numMicroClusters","numMacroClusters","numClasses","SSQ","silhouette","precision","recall","F1","purity","cRand"
87,3,3,1.94199963163789,0.718301921997418,1,1,1,1,1
35,3,3,1.87019506026051,0.673856400344765,0.984271022383545,0.979530403371463,0.981894990947495,0.987654320987654,0.972784836920695
68,3,3,1.69642088370543,0.546932108815642,0.716646266829865,0.717085119412125,0.716865625956535,0.73125,0.577411401525758
26,3,3,8.28179576639455,0.708982578526158,0.556898288016113,1,0.715394566623545,0.773972602739726,0.500220976675602
59,3,3,2.04976487386328,0.659416288083191,0.955448524984949,0.968273337400854,0.961818181818182,0.982905982905983,0.942728545426263
