"numMicroClusters","numMacroClusters","numClasses","SSQ","silhouette","precision","recall","F1","purity","cRand"
100,3,3,8.01625915975352,0.499024582410609,0.621526246140274,0.842199641362821,0.715228426395939,0.853107344632768,0.533975665271366
83,3,3,1.86316724468677,0.676690930050377,1,1,1,1,1
79,3,3,2.0209066380299,0.644177405655039,0.571364852809991,0.784445805266381,0.661161290322581,0.833333333333333,0.451942249511294
99,3,3,1.81869198488542,0.714326567337497,1,1,1,1,1
59,3,3,2.04785876496852,0.659416288083191,0.955448524984949,0.968273337400854,0.961818181818182,0.982905982905983,0.942728545426263
