"numMicroClusters","numMacroClusters","numClasses","SSQ","silhouette","precision","recall","F1","purity","cRand"
38,3,3,4.82763138906804,0.644259852588444,0.921828021647625,0.916317991631799,0.919064748201439,0.946236559139785,0.877931850443546
50,3,3,1.84335509926373,0.676690930050377,1,1,1,1,1
50,3,3,1.85853527480582,0.55653014019271,0.707478890229192,0.71830985915493,0.71285323609845,0.710826210826211,0.569878759647212
49,3,3,1.9014350441306,0.707780859126788,0.980036297640653,0.976491862567812,0.978260869565217,0.990196078431373,0.967331961715699
50,3,3,2.08169378650758,0.659416288083191,0.955448524984949,0.968273337400854,0.961818181818182,0.982905982905983,0.942728545426263
