"numMicroClusters","numMacroClusters","numClasses","SSQ","silhouette","precision","recall","F1","purity","cRand"
47,3,3,1.93326579711843,0.718301921997418,1,1,1,1,1
86,3,3,4.13651396515603,0.584553258468867,0.585043319653443,0.772426249247441,0.665801764400623,0.85792349726776,0.459335419126989
79,3,3,2.29145491188138,0.45587519157998,0.667486473192327,0.830985915492958,0.740316421167485,0.72192513368984,0.59047258684816
28,3,3,1.95909303492894,0.714326567337497,1,1,1,1,1
50,3,3,2.04804328742372,0.65520258317329,0.933731343283582,0.954240390482001,0.943874471937236,0.975,0.915637756387643
