"numMicroClusters","numMacroClusters","numClasses","SSQ","silhouette","precision","recall","F1","purity","cRand"
99,3,3,5.03603993599712,0.644259852588444,0.921828021647625,0.916317991631799,0.919064748201439,0.946236559139785,0.877931850443546
65,3,3,1.83873671399928,0.676690930050377,1,1,1,1,1
80,3,3,2.01484135928147,0.656834584828152,0.572698977323255,0.788732394366197,0.663575476558475,0.833333333333333,0.455405450713549
92,3,3,1.81413097486251,0.714326567337497,1,1,1,1,1
63,3,3,2.05210679795188,0.659416288083191,0.955448524984949,0.968273337400854,0.961818181818182,0.982905982905983,0.942728545426263
