"numMicroClusters","numMacroClusters","numClasses","SSQ","silhouette","precision","recall","F1","purity","cRand"
35,3,3,7.41803962087966,0.481078950462611,0.593557555660824,0.748953974895398,0.662262156448203,0.853107344632768,0.457796659648247
35,3,3,1.83029825166617,0.673856400344765,0.984271022383545,0.979530403371463,0.981894990947495,0.987654320987654,0.972784836920695
72,3,3,3.58109706547567,0.544922127114839,0.715590742996346,0.719534598897734,0.717557251908397,0.731792717086835,0.577936186071447
86,3,3,1.87946079135898,0.700879001884347,0.959975742874469,0.954189270644967,0.957073760580411,0.980952380952381,0.935532794079693
40,3,3,2.44088985714699,0.659416288083191,0.955448524984949,0.968273337400854,0.961818181818182,0.982905982905983,0.942728545426263
