"numMicroClusters","numMacroClusters","numClasses","SSQ","silhouette","precision","recall","F1","purity","cRand"
42,3,3,3.82832868622156,0.693407571919336,0.96873120865905,0.962940824865511,0.965827338129496,0.976190476190476,0.94846011463172
39,3,3,1.89456961605332,0.673856400344765,0.984271022383545,0.979530403371463,0.981894990947495,0.987654320987654,0.972784836920695
28,3,3,2.02760794130489,0.488233301648525,0.703860072376357,0.714635639926516,0.709206927985415,0.688746438746439,0.564416902626859
27,3,3,8.46642595231411,0.548174161728864,0.529075990010703,0.893911995177818,0.664724338861497,0.849315068493151,0.420860019586212
42,3,3,2.08259105273305,0.659416288083191,0.955448524984949,0.968273337400854,0.961818181818182,0.982905982905983,0.942728545426263
