"numMicroClusters","numMacroClusters","numClasses","SSQ","silhouette","precision","recall","F1","purity","cRand"
39,3,3,5.81485403479195,0.481078950462611,0.593557555660824,0.748953974895398,0.662262156448203,0.853107344632768,0.457796659648247
47,3,3,4.41332319734124,0.784584045405003,0.646052119797744,1,0.784971644612476,0.786885245901639,0.636954567457299
77,3,3,2.60975822164859,0.859465832758761,0.62952968388589,1,0.772651999053702,0.75,0.617966170898209
95,3,3,2.1831789230129,0.714326567337497,1,1,1,1,1
54,3,3,4.2897803719858,0.614146568823193,0.572783505154639,0.847467968273337,0.683562992125984,0.856410256410256,0.476834064096189
