"numMicroClusters","numMacroClusters","numClasses","SSQ","silhouette","precision","recall","F1","purity","cRand"
97,3,3,1.93365889371454,0.718301921997418,1,1,1,1,1
64,3,3,1.85377466983923,0.676690930050377,1,1,1,1,1
67,3,3,2.26469065091802,0.859465832758761,0.62952968388589,1,0.772651999053702,0.75,0.617966170898209
88,3,3,1.85880928139,0.714326567337497,1,1,1,1,1
51,3,3,2.02334974030916,0.659416288083191,0.955448524984949,0.968273337400854,0.961818181818182,0.982905982905983,0.942728545426263
