"numMicroClusters","numMacroClusters","numClasses","SSQ","silhouette","precision","recall","F1","purity","cRand"
31,3,3,2.09680679548259,0.718301921997418,1,1,1,1,1
65,3,3,4.12201915894232,0.584553258468867,0.585043319653443,0.772426249247441,0.665801764400623,0.85792349726776,0.459335419126989
68,3,3,2.26515236324645,0.859465832758761,0.62952968388589,1,0.772651999053702,0.75,0.617966170898209
28,3,3,1.95546682722316,0.714326567337497,1,1,1,1,1
58,3,3,4.24533005141271,0.594677644691728,0.566345751360402,0.825503355704698,0.671797418073486,0.856410256410256,0.459514953510473
