"numMicroClusters","numMacroClusters","numClasses","SSQ","silhouette","precision","recall","F1","purity","cRand"
99,3,3,7.44664650465111,0.499024582410609,0.621526246140274,0.842199641362821,0.715228426395939,0.853107344632768,0.533975665271366
81,3,3,4.13531265032198,0.584553258468867,0.585043319653443,0.772426249247441,0.665801764400623,0.85792349726776,0.459335419126989
27,3,3,2.19994727187173,0.46770095723225,0.721954161640531,0.733006736068585,0.727438468550593,0.754985754985755,0.591726187728623
94,3,3,1.80695105517172,0.714326567337497,1,1,1,1,1
59,3,3,2.03238074378968,0.659416288083191,0.955448524984949,0.968273337400854,0.961818181818182,0.982905982905983,0.942728545426263
