"numMicroClusters","numMacroClusters","numClasses","SSQ","silhouette","precision","recall","F1","purity","cRand"
37,3,3,4.00668753850736,0.693407571919336,0.96873120865905,0.962940824865511,0.965827338129496,0.976190476190476,0.94846011463172
50,3,3,1.83815782016436,0.676690930050377,1,1,1,1,1
50,3,3,1.66977898211069,0.55653014019271,0.707478890229192,0.71830985915493,0.71285323609845,0.710826210826211,0.569878759647212
50,3,3,1.89578803822632,0.707780859126788,0.980036297640653,0.976491862567812,0.978260869565217,0.990196078431373,0.967331961715699
50,3,3,4.34349265766155,0.594677644691728,0.566345751360402,0.825503355704698,0.671797418073486,0.856410256410256,0.459514953510473
