"numMicroClusters","numMacroClusters","numClasses","SSQ","silhouette","precision","recall","F1","purity","cRand"
47,3,3,1.92884202396761,0.718301921997418,1,1,1,1,1
63,3,3,1.84882657140197,0.676690930050377,1,1,1,1,1
79,3,3,2.31698146899392,0.45587519157998,0.667486473192327,0.830985915492958,0.740316421167485,0.72192513368984,0.59047258684816
84,3,3,1.92705112247249,0.714326567337497,1,1,1,1,1
50,3,3,2.04602367860626,0.65520258317329,0.933731343283582,0.954240390482001,0.943874471937236,0.975,0.915637756387643
