"numMicroClusters","numMacroClusters","numClasses","SSQ","silhouette","precision","recall","F1","purity","cRand"
47,3,3,5.43555207187584,0.497491816191738,0.594709494567785,0.752540346682606,0.664379947229551,0.853107344632768,0.460786992021422
38,3,3,1.8349518567632,0.673856400344765,0.984271022383545,0.979530403371463,0.981894990947495,0.987654320987654,0.972784836920695
76,3,3,2.38141999746641,0.642603471872263,0.591758708581138,0.853031230863442,0.698771005768749,0.833333333333333,0.506540202661369
26,3,3,1.97741000528672,0.714326567337497,1,1,1,1,1
58,3,3,4.23200210443259,0.601253797988537,0.562684677078936,0.813300793166565,0.665169660678643,0.856410256410256,0.449818610507289
