"numMicroClusters","numMacroClusters","numClasses","SSQ","silhouette","precision","recall","F1","purity","cRand"
44,3,3,2.21401783030403,0.718301921997418,1,1,1,1,1
66,3,3,1.83708177786936,0.676690930050377,1,1,1,1,1
98,3,3,2.42088177355295,0.637899347065032,0.595708876735381,0.867115737905695,0.706234413965087,0.833333333333333,0.517541384740868
27,3,3,7.29296414145954,0.548174161728864,0.529075990010703,0.893911995177818,0.664724338861497,0.849315068493151,0.420860019586212
58,3,3,2.04262931385182,0.659416288083191,0.955448524984949,0.968273337400854,0.961818181818182,0.982905982905983,0.942728545426263
