"numMicroClusters","numMacroClusters","numClasses","SSQ","silhouette","precision","recall","F1","purity","cRand"
500,3,3,2.98510123112014,0.693407571919336,0.96873120865905,0.962940824865511,0.965827338129496,0.976190476190476,0.94846011463172
500,3,3,2.48012138727945,0.659372731247653,0.898902368573079,0.9367850692354,0.917452830188679,0.958333333333333,0.87445672642925
500,3,3,2.29679359537853,0.859465832758761,0.62952968388589,1,0.772651999053702,0.75,0.617966170898209
500,3,3,2.90721070046527,0.69014389979979,0.939890710382514,0.933092224231465,0.936479128856624,0.972222222222222,0.904632625055115
500,3,3,3.42675172500403,0.609942419421407,0.833239436619718,0.902379499694936,0.866432337434095,0.940740740740741,0.796297215466322
