"numMicroClusters","numMacroClusters","numClasses","SSQ","silhouette","precision","recall","F1","purity","cRand"
100,3,3,1.97346441542855,0.718301921997418,1,1,1,1,1
100,3,3,4.18380721880937,0.584336275066573,0.585798816568047,0.774834437086093,0.667185069984448,0.85792349726776,0.461311982219007
100,3,3,1.66377424659144,0.560075952333498,0.704518430439952,0.725658297611757,0.714932126696833,0.711988304093567,0.57147128786631
100,3,3,2.01747870658453,0.700879001884347,0.959975742874469,0.954189270644967,0.957073760580411,0.980952380952381,0.935532794079693
100,3,3,2.05710966440985,0.659416288083191,0.955448524984949,0.968273337400854,0.961818181818182,0.982905982905983,0.942728545426263
