"numMicroClusters","numMacroClusters","numClasses","SSQ","silhouette","precision","recall","F1","purity","cRand"
100,3,3,2.59259269651201,0.718301921997418,1,1,1,1,1
100,3,3,2.80862738366324,0.661448094552721,0.918272037361354,0.947019867549669,0.932424422050978,0.965811965811966,0.897499835160554
100,3,3,2.43835800095404,0.859465832758761,0.62952968388589,1,0.772651999053702,0.75,0.617966170898209
100,3,3,2.55408581841372,0.689061002715078,0.939890710382514,0.933092224231465,0.936479128856624,0.972222222222222,0.904632625055115
100,3,3,3.02812714261326,0.618648086372775,0.85208452312964,0.910311165344722,0.88023598820059,0.946969696969697,0.817973860767439
