"numMicroClusters","numMacroClusters","numClasses","SSQ","silhouette","precision","recall","F1","purity","cRand"
500,3,3,2.68273765139386,0.718301921997418,1,1,1,1,1
500,3,3,1.90557707286502,0.673856400344765,0.984271022383545,0.979530403371463,0.981894990947495,0.987654320987654,0.972784836920695
500,3,3,2.18431767240908,0.595685978479949,0.639222176251552,0.946111451316595,0.762962962962963,0.725047080979284,0.609004031569962
500,3,3,2.8084360183465,0.700879001884347,0.959975742874469,0.954189270644967,0.957073760580411,0.980952380952381,0.935532794079693
500,3,3,2.10914683620101,0.654438921047341,0.977562158884172,0.98352654057352,0.980535279805353,0.991228070175439,0.970856043019719
