"numMicroClusters","numMacroClusters","numClasses","SSQ","silhouette","precision","recall","F1","purity","cRand"
2,2,3,14.5406165335524,0.613462004952378,0.59469387755102,0.87089061566049,0.706766917293233,0.67,0.509911023941234
2,2,3,6.80117173399941,0.784584045405003,0.646052119797744,1,0.784971644612476,0.786885245901639,0.636954567457299
2,2,3,2.99264734789157,0.859465832758761,0.62952968388589,1,0.772651999053702,0.75,0.617966170898209
2,2,3,10.7602120373037,0.638853329694438,0.534967555875991,0.894514767932489,0.669524024362734,0.679227941176471,0.430753912838292
2,2,3,6.17313304959593,0.779191660723239,0.612710280373832,1,0.759851645804358,0.784615384615385,0.592535943713674
