"numMicroClusters","numMacroClusters","numClasses","SSQ","silhouette","precision","recall","F1","purity","cRand"
100,3,3,2.14558579716703,0.718301921997418,1,1,1,1,1
100,3,3,2.24704136704596,0.660962250739171,0.918272037361354,0.947019867549669,0.932424422050978,0.965811965811966,0.897499835160554
100,3,3,2.34822846013272,0.859465832758761,0.62952968388589,1,0.772651999053702,0.75,0.617966170898209
100,3,3,2.07041846620063,0.707780859126788,0.980036297640653,0.976491862567812,0.978260869565217,0.990196078431373,0.967331961715699
100,3,3,2.13967878320301,0.65520258317329,0.933731343283582,0.954240390482001,0.943874471937236,0.975,0.915637756387643
