"numMicroClusters","numMacroClusters","numClasses","SSQ","silhouette","precision","recall","F1","purity","cRand"
2,2,3,8.53464117631347,0.747261027151549,0.661003555906756,1,0.795908658420552,0.779661016949152,0.655856532421732
50,3,3,4.47078822193127,0.784584045405003,0.646052119797744,1,0.784971644612476,0.786885245901639,0.636954567457299
49,3,3,2.34910097086813,0.528663224295697,0.674817898022893,0.794243723208818,0.729676511954993,0.666666666666667,0.579774660737573
50,3,3,1.9634544423027,0.714326567337497,1,1,1,1,1
49,3,3,6.1230584894177,0.779191660723239,0.612710280373832,1,0.759851645804358,0.784615384615385,0.592535943713674
