"numMicroClusters","numMacroClusters","numClasses","SSQ","silhouette","precision","recall","F1","purity","cRand"
100,3,3,2.06033270793608,0.718301921997418,1,1,1,1,1
100,3,3,1.94676407941901,0.660962250739171,0.918272037361354,0.947019867549669,0.932424422050978,0.965811965811966,0.897499835160554
100,3,3,2.0514380542091,0.654117113539861,0.576465403261349,0.800979791794244,0.670425422860072,0.833333333333333,0.465262518411343
100,3,3,1.96853702726924,0.714326567337497,1,1,1,1,1
100,3,3,4.45764955816999,0.601755200226444,0.564888702225955,0.820622330689445,0.669154228855721,0.856410256410256,0.455642850776107
