"numMicroClusters","numMacroClusters","numClasses","SSQ","silhouette","precision","recall","F1","purity","cRand"
500,3,3,3.46756247501613,0.707671883543085,0.984403119376125,0.980872683801554,0.982634730538922,0.987654320987654,0.97379331018333
500,3,3,3.0785035130669,0.63579867227854,0.861816130851664,0.91992775436484,0.889924286546302,0.944444444444444,0.831559809635848
500,3,3,2.28367199090475,0.557840665017688,0.632846427161469,0.98162890385793,0.769563130100816,0.836065573770492,0.615189082901325
500,3,3,2.5711293666637,0.700879001884347,0.959975742874469,0.954189270644967,0.957073760580411,0.980952380952381,0.935532794079693
500,3,3,3.47744308960027,0.617699752152641,0.85208452312964,0.910311165344722,0.88023598820059,0.946969696969697,0.817973860767439
