"numMicroClusters","numMacroClusters","numClasses","SSQ","silhouette","precision","recall","F1","purity","cRand"
100,3,3,1.89943350387822,0.718301921997418,1,1,1,1,1
100,3,3,1.8058843877397,0.676690930050377,1,1,1,1,1
100,3,3,1.63911609582267,0.554976341928292,0.715590742996346,0.719534598897734,0.717557251908397,0.731792717086835,0.577936186071447
100,3,3,1.80369583863913,0.714326567337497,1,1,1,1,1
100,3,3,2.020296255804,0.659416288083191,0.955448524984949,0.968273337400854,0.961818181818182,0.982905982905983,0.942728545426263
