"numMicroClusters","numMacroClusters","numClasses","SSQ","silhouette","precision","recall","F1","purity","cRand"
100,3,3,7.87363651625484,0.434736134560451,0.707006369426752,0.86252241482367,0.777059773828756,0.843537414965986,0.64529990790225
100,3,3,2.1035467025401,0.667748309147502,0.96842744383728,0.960264900662252,0.964328899637243,0.976190476190476,0.946428895708864
100,3,3,2.48627201092105,0.628302638571782,0.609031733116355,0.916717697489284,0.73185040332437,0.833333333333333,0.555729531683136
100,3,3,1.96822266702582,0.714326567337497,1,1,1,1,1
100,3,3,3.59453285144162,0.659416288083191,0.955448524984949,0.968273337400854,0.961818181818182,0.982905982905983,0.942728545426263
