"numMicroClusters","numMacroClusters","numClasses","SSQ","silhouette","precision","recall","F1","purity","cRand"
500,3,3,2.96362164933851,0.707671883543085,0.984403119376125,0.980872683801554,0.982634730538922,0.987654320987654,0.97379331018333
500,3,3,2.34280028947019,0.656445894605762,0.936624009750152,0.925346177001806,0.930950938824954,0.955555555555556,0.896396914930356
500,3,3,1.93727701720583,0.521700206886453,0.660840812470477,0.856705450091856,0.746133333333333,0.731656184486373,0.595445820868794
500,3,3,3.09692015803829,0.69014389979979,0.939890710382514,0.933092224231465,0.936479128856624,0.972222222222222,0.904632625055115
500,3,3,2.42847920931459,0.629498157057182,0.929230769230769,0.921293471629042,0.925245098039216,0.957142857142857,0.888476969173734
