"numMicroClusters","numMacroClusters","numClasses","SSQ","silhouette","precision","recall","F1","purity","cRand"
500,3,3,2.93912939461071,0.707671883543085,0.984403119376125,0.980872683801554,0.982634730538922,0.987654320987654,0.97379331018333
500,3,3,2.16122582105068,0.662013298730892,0.952525867315886,0.942203491872366,0.947336561743341,0.96551724137931,0.920958112847184
500,3,3,2.33868404783146,0.629509540678197,0.572698977323255,0.788732394366197,0.663575476558475,0.833333333333333,0.455405450713549
500,3,3,3.13320335795057,0.69014389979979,0.939890710382514,0.933092224231465,0.936479128856624,0.972222222222222,0.904632625055115
500,3,3,2.27189458573045,0.638042475834914,0.94543225015328,0.940817571690055,0.943119266055046,0.967752234993614,0.915065218141339
