"numMicroClusters","numMacroClusters","numClasses","SSQ","silhouette","precision","recall","F1","purity","cRand"
500,3,3,7.43615725826215,0.569065247455924,0.847328244274809,0.86252241482367,0.854857819905213,0.907407407407407,0.779759523368918
500,3,3,4.63684765047993,0.576601313209935,0.584664536741214,0.771222155328116,0.665109034267913,0.85792349726776,0.458346318714438
500,3,3,2.86356240969035,0.469343080803043,0.683980317113177,0.766074709124311,0.722703639514731,0.680174291938998,0.574322701015624
500,3,3,1.96822203926631,0.714326567337497,1,1,1,1,1
500,3,3,3.59453840165787,0.659416288083191,0.955448524984949,0.968273337400854,0.961818181818182,0.982905982905983,0.942728545426263
