"numMicroClusters","numMacroClusters","numClasses","SSQ","silhouette","precision","recall","F1","purity","cRand"
500,3,3,7.28735784704462,0.562357102764109,0.833430401863716,0.855349671249253,0.844247787610619,0.900900900900901,0.763162573452134
500,3,3,2.0963630428814,0.667748309147502,0.96842744383728,0.960264900662252,0.964328899637243,0.976190476190476,0.946428895708864
500,3,3,2.82038901566202,0.471005498841186,0.680839612486545,0.774647887323944,0.724720710398167,0.666666666666667,0.575735300282138
500,3,3,1.9669528235851,0.714326567337497,1,1,1,1,1
500,3,3,3.44698095526191,0.659416288083191,0.955448524984949,0.968273337400854,0.961818181818182,0.982905982905983,0.942728545426263
