"numMicroClusters","numMacroClusters","numClasses","SSQ","silhouette","precision","recall","F1","purity","cRand"
99,4,4,0.810678519566269,0.5915204920621,0.942880128720837,0.936102236421725,0.939478957915832,0.968046594982079,0.919087685371959
100,4,4,0.78640688135999,0.57889033471944,0.898170246618934,0.924651924651925,0.911218724778047,0.954044117647059,0.88158546300084
100,4,4,0.800079930231268,0.554387430540959,0.860580912863071,0.860580912863071,0.860580912863071,0.919871794871795,0.815721099778958
100,4,4,0.902653032619886,0.514243856795156,0.812086092715232,0.80873866446826,0.810408921933086,0.890096618357488,0.749037427283759
100,4,4,0.889730340737418,0.554689376080541,0.910140148392416,0.908641975308642,0.909390444810544,0.94875,0.879947216462114
