"numMicroClusters","numMacroClusters","numClasses","SSQ","silhouette","precision","recall","F1","purity","cRand"
50,4,4,1.26184996461895,0.444661980806995,0.657439446366782,0.758785942492013,0.704486466444197,0.717948717948718,0.594615423346181
50,4,4,0.818552938780327,0.56357504411035,0.865683865683866,0.865683865683866,0.865683865683866,0.91551724137931,0.821704246483008
50,4,4,0.793898456838271,0.551879538982437,0.858202802967848,0.863900414937759,0.861042183622829,0.921266233766234,0.816135055390531
50,4,4,0.940385622556723,0.503768299061746,0.806017418844022,0.83924154987634,0.822294022617124,0.904112052429668,0.763059006140231
50,4,4,0.916392630128258,0.552140590665084,0.926628194558945,0.925102880658436,0.925864909390445,0.959583333333333,0.901774995287184
