"numMicroClusters","numMacroClusters","numClasses","SSQ","silhouette","precision","recall","F1","purity","cRand"
50,4,4,0.809737799373059,0.5915204920621,0.942880128720837,0.936102236421725,0.939478957915832,0.968046594982079,0.919087685371959
50,4,4,0.8185079518363,0.56357504411035,0.865683865683866,0.865683865683866,0.865683865683866,0.91551724137931,0.821704246483008
50,4,4,0.794889013403027,0.551879538982437,0.858202802967848,0.863900414937759,0.861042183622829,0.921266233766234,0.816135055390531
50,4,4,1.34099964384108,0.476573173084418,0.58433734939759,0.799670239076669,0.675252349460494,0.806122448979592,0.546962534541734
50,4,4,1.3860854932432,0.46001601834107,0.583168967784352,0.730041152263375,0.648391812865497,0.797222222222222,0.516419438275159
