"numMicroClusters","numMacroClusters","numClasses","SSQ","silhouette","precision","recall","F1","purity","cRand"
200,4,4,0.839065171451599,0.583748395806898,0.928802588996764,0.916932907348243,0.922829581993569,0.955619694397284,0.896927073301509
200,4,4,0.833535940440997,0.577500510682284,0.864715189873418,0.895167895167895,0.879678068410463,0.93270944741533,0.839370518670267
200,4,4,0.837136648870371,0.548470228963715,0.860580912863071,0.860580912863071,0.860580912863071,0.920673076923077,0.815721099778958
200,4,4,0.918098304926668,0.511221051127266,0.845326716294458,0.842539159109645,0.84393063583815,0.908444816053512,0.793382543425444
200,4,4,1.36422713723961,0.469662121585506,0.593810444874275,0.758024691358025,0.665943600867679,0.815679442508711,0.539060161628255
