"numMicroClusters","numMacroClusters","numClasses","SSQ","silhouette","precision","recall","F1","purity","cRand"
50,7,4,0.168797674900292,0.540252782749307,0.852882703777336,0.680412371134021,0.756947507719453,0.918402777777778,0.685941119587754
50,7,5,0.170658504133834,0.493634194010433,0.970448045757865,0.896916299559471,0.932234432234432,0.954166666666667,0.913091652361864
50,7,6,0.192042647105937,0.565610207284999,0.844827586206897,0.80233918128655,0.823035392921416,0.885153162055336,0.787232647494656
50,7,8,0.240658089504586,0.631367548665502,0.785714285714286,0.820634920634921,0.802795031055901,0.833660130718954,0.773317323294606
50,7,7,0.302968568388576,0.472292646389804,0.762073027090695,0.724524076147816,0.742824339839265,0.838768115942029,0.687951429842684
