"numMicroClusters","numMacroClusters","numClasses","SSQ","silhouette","precision","recall","F1","purity","cRand"
100,7,4,0.30799011143621,0.558847644754158,0.833665338645418,0.66375892149088,0.739072847682119,0.905627705627706,0.662953465238623
100,7,5,0.27508805108904,0.653815887460209,0.972072072072072,0.950660792951542,0.961247216035635,0.923963133640553,0.949883917817306
100,7,6,0.395439782262469,0.738766648513164,0.540705563093623,0.932163742690059,0.684413911550022,0.897243107769424,0.596109462578305
100,7,8,0.300223895137386,0.578108101361599,0.816473988439306,0.896825396825397,0.854765506807867,0.895058536235007,0.832439465583447
100,7,7,0.318777269831759,0.592688656355287,0.754155730533683,0.96528555431131,0.846758349705305,0.852,0.807834011588191
