"numMicroClusters","numMacroClusters","numClasses","SSQ","silhouette","precision","recall","F1","purity","cRand"
100,7,4,0.229789614385357,0.568241318840724,0.87006237006237,0.66375892149088,0.753036437246964,0.915570887445887,0.683183786396471
100,7,5,0.261791025109113,0.656712610924818,0.928571428571429,0.950660792951542,0.939486286460601,0.899385560675883,0.921207318483672
100,7,6,0.394272832860552,0.725048335875552,0.557422969187675,0.930994152046784,0.697328077091546,0.898762864608329,0.613899810023061
100,7,8,0.300223895137386,0.578108101361599,0.816473988439306,0.896825396825397,0.854765506807867,0.895058536235007,0.832439465583447
100,7,7,0.323491917596873,0.59482443917532,0.775473399458972,0.963045912653975,0.859140859140859,0.880588235294118,0.823955074555827
