"numMicroClusters","numMacroClusters","numClasses","SSQ","silhouette","precision","recall","F1","purity","cRand"
50,7,4,0.168797674900292,0.540252782749307,0.852882703777336,0.680412371134021,0.756947507719453,0.918402777777778,0.685941119587754
50,7,5,0.214837528429157,0.690100165348431,0.9702434625789,0.948017621145374,0.959001782531194,0.947916666666667,0.946987149563989
50,7,6,0.192042647105937,0.565610207284999,0.844827586206897,0.80233918128655,0.823035392921416,0.885153162055336,0.787232647494656
50,7,8,0.240658089504586,0.631367548665502,0.785714285714286,0.820634920634921,0.802795031055901,0.833660130718954,0.773317323294606
50,7,7,0.458718191806482,0.470463881224354,0.546425636811832,0.74468085106383,0.630331753554502,0.838740245261984,0.533184748815672
