"numMicroClusters","numMacroClusters","numClasses","SSQ","silhouette","precision","recall","F1","purity","cRand"
95,7,4,0.0880084624758976,0.519733451725852,0.860898138006572,0.623314829500397,0.723091076356946,0.938718820861678,0.647712406401257
99,7,5,0.140724382351714,0.656924983053454,0.970391595033429,0.895154185022026,0.931255728689276,0.995535714285714,0.911861171551991
96,7,6,0.113763074680405,0.510314049531363,0.799472295514512,0.708771929824561,0.751394916305022,0.886554986367016,0.703214780724772
92,7,8,0.135431305880888,0.706195141312914,0.811634349030471,0.93015873015873,0.866863905325444,0.890202596189991,0.845919193176866
100,7,7,0.186365292730411,0.512072222430667,0.770621468926554,0.763717805151176,0.767154105736783,0.899042950513539,0.716182696742188
