"numMicroClusters","numMacroClusters","numClasses","SSQ","silhouette","precision","recall","F1","purity","cRand"
100,7,4,0.0897270575172641,0.490963942430602,0.865608465608466,0.648691514670896,0.741613780598368,0.938718820861678,0.669474638636148
100,7,5,0.122046524010943,0.588328348608621,0.948863636363636,0.73568281938326,0.8287841191067,0.987566137566138,0.78590636420051
100,7,6,0.123407572370892,0.552739229737562,0.874848116646416,0.842105263157895,0.858164481525626,0.874744897959184,0.829230428032823
100,7,8,0.133940337305752,0.710347642804001,0.811813186813187,0.938095238095238,0.87039764359352,0.897412298252634,0.849917826909362
100,7,7,0.157749964798551,0.444831635231028,0.792780748663102,0.664053751399776,0.722730042656917,0.910884353741497,0.66815342575875
