"numMicroClusters","numMacroClusters","numClasses","SSQ","silhouette","precision","recall","F1","purity","cRand"
92,7,4,0.108597561339754,0.664405719251403,0.914204003813155,0.76050753370341,0.83030303030303,0.975915750915751,0.779222070693084
100,7,5,0.479346715002176,0.530475005396493,0.611865618298785,0.754185022026432,0.675611681136543,0.949404761904762,0.565639755027184
99,7,6,0.158372595170388,0.602786279698793,0.818872017353579,0.883040935672515,0.849746764209342,0.921902971715002,0.816934066345039
100,7,8,0.157527280529414,0.707440545000545,0.811977715877437,0.925396825396825,0.864985163204748,0.885927704415099,0.84380851329422
84,7,7,0.157973736190144,0.455743490843941,0.690886699507389,0.628219484882419,0.658064516129032,0.91068586585828,0.587117452161937
