"numMicroClusters","numMacroClusters","numClasses","SSQ","silhouette","precision","recall","F1","purity","cRand"
50,7,4,0.0701253548365033,0.463291999551927,0.909497206703911,0.645519429024584,0.755102040816326,0.913226654298083,0.689412133794256
50,7,5,0.130449902536033,0.50049218096123,0.917152858809802,0.692511013215859,0.789156626506024,0.98265306122449,0.737334507473774
49,7,6,0.126100245407538,0.358072037306329,0.788331071913161,0.67953216374269,0.729899497487437,0.868583797155226,0.678480634066098
49,7,8,0.145162602443629,0.710347642804001,0.811813186813187,0.938095238095238,0.87039764359352,0.897412298252634,0.849917826909362
50,7,7,0.159334818762875,0.433079780232303,0.853403141361257,0.730123180291153,0.786964393482197,0.934341736694678,0.744451526153884
