"numMicroClusters","numMacroClusters","numClasses","SSQ","silhouette","precision","recall","F1","purity","cRand"
98,7,4,0.113735986479245,0.673908459906571,0.902255639097744,0.761300555114988,0.825806451612903,0.968852813852814,0.772841664379692
96,7,5,0.125917877603079,0.648341917880847,0.992874109263658,0.736563876651982,0.845725847243298,0.979591836734694,0.808281088686584
99,7,6,0.518932305142949,0.501128010299485,0.60727969348659,0.741520467836257,0.667719852553976,0.825850340136054,0.589819049982862
100,7,8,0.157464255590818,0.707440545000545,0.811977715877437,0.925396825396825,0.864985163204748,0.885927704415099,0.84380851329422
100,7,7,0.197733242982078,0.485491304821868,0.783460282916213,0.806270996640537,0.794701986754967,0.900510204081633,0.74871951207863
