"numMicroClusters","numMacroClusters","numClasses","SSQ","silhouette","precision","recall","F1","purity","cRand"
91,7,4,0.110808826961651,0.673908459906571,0.902255639097744,0.761300555114988,0.825806451612903,0.968852813852814,0.772841664379692
91,7,5,0.131094726506978,0.514215512382707,0.96604600219058,0.777092511013216,0.861328125,0.995535714285714,0.825693203671627
92,7,6,0.119429710913604,0.516276801467301,0.830551989730424,0.75672514619883,0.791921664626683,0.880357142857143,0.750895842491574
100,7,8,1.03900605129034,0.484120566346008,0.530018761726079,0.896825396825397,0.66627358490566,0.762644364794902,0.602710704987493
100,7,7,0.184829061006306,0.565627129474029,0.730371900826446,0.791713325867861,0.759806555615261,0.924155844155844,0.704313799277358
