"numMicroClusters","numMacroClusters","numClasses","SSQ","silhouette","precision","recall","F1","purity","cRand"
50,7,4,0.113509256484462,0.641502097787748,0.859570661896243,0.762093576526566,0.807902480033628,0.960034013605442,0.7474279441395
48,7,5,0.243185041926426,0.61406273764171,0.968302658486708,0.834361233480176,0.896355892096545,0.995535714285714,0.86842919717597
50,7,6,0.193895617087845,0.508855471932659,0.831151832460733,0.742690058479532,0.784434836318715,0.904536409705583,0.742449247943753
45,7,8,0.170894239490953,0.710347642804001,0.811813186813187,0.938095238095238,0.87039764359352,0.897412298252634,0.849917826909362
45,7,7,0.192871534829083,0.524129110998549,0.641456582633053,0.769316909294513,0.69959266802444,0.907539682539683,0.626008164431936
