"numMicroClusters","numMacroClusters","numClasses","SSQ","silhouette","precision","recall","F1","purity","cRand"
40,7,4,0.0925355511093071,0.407904241735223,0.872491145218418,0.586042823156225,0.701138519924099,0.87523997741389,0.624207654764146
36,7,5,0.177243888603669,0.589057234773654,0.976264189886481,0.833480176211454,0.899239543726236,0.993055555555556,0.872260707934224
98,7,6,0.127917766158543,0.607860098195408,0.913439635535307,0.938011695906433,0.925562608193883,0.944897959183673,0.909770706955095
100,7,8,1.82231358706512,0.421454523910673,0.415348101265823,0.833333333333333,0.554382259767687,0.769709702062643,0.463191248236464
32,7,7,0.800606233028093,0.456292878238496,0.70736629667003,0.784994400895857,0.74416135881104,0.79887134502924,0.684232426321561
