"numMicroClusters","numMacroClusters","numClasses","SSQ","silhouette","precision","recall","F1","purity","cRand"
41,7,4,0.0984988298261995,0.49377309654886,0.903780068728522,0.625693893735131,0.739456419868791,0.972854526425955,0.670852232241843
46,7,5,0.154585986180638,0.651163497355286,0.924750679963735,0.898678414096916,0.911528150134048,0.982886904761905,0.885693159433609
46,7,6,2.1331780221065,0.370133139815221,0.831228473019518,0.846783625730994,0.838933951332561,0.872892458418774,0.804927214503515
46,7,8,0.897609193510887,0.551460027289793,0.633142857142857,0.879365079365079,0.736212624584718,0.872709083633453,0.690393477490252
46,7,7,0.286587211927213,0.608089358858536,0.732940185341196,0.974244120940649,0.836538461538462,0.866140350877193,0.794154073535552
