"numMicroClusters","numMacroClusters","numClasses","SSQ","silhouette","precision","recall","F1","purity","cRand"
43,7,4,0.20438465992725,0.554748608969059,0.920877025738799,0.766058683584457,0.836363636363636,0.938852813852814,0.787106996739759
59,7,5,0.1367393729525,0.469472250589913,0.972488038277512,0.716299559471366,0.824961948249619,0.994047619047619,0.782693895833042
100,7,6,0.147922552819952,0.601676430098795,0.797399783315276,0.860818713450292,0.827896512935883,0.916385373371316,0.790288213524728
97,7,8,0.190661411059292,0.707440545000545,0.811977715877437,0.925396825396825,0.864985163204748,0.885927704415099,0.84380851329422
29,7,7,0.299270680044042,0.487558632612054,0.719892952720785,0.903695408734602,0.801390268123138,0.884483937115516,0.751480885240149
