"numMicroClusters","numMacroClusters","numClasses","SSQ","silhouette","precision","recall","F1","purity","cRand"
500,7,4,0.246019955072307,0.633226363924252,0.852691218130312,0.716098334655036,0.778448275862069,0.924397031539889,0.71130810345661
500,7,5,0.226035494272045,0.558130153110107,0.973660308810173,0.944493392070485,0.958855098389982,0.994444444444444,0.946854508089108
500,7,6,0.17551046202894,0.489232416245224,0.850498338870432,0.898245614035088,0.873720136518771,0.9175,0.846478820112406
500,7,8,0.237411068197867,0.707440545000545,0.811977715877437,0.925396825396825,0.864985163204748,0.885927704415099,0.84380851329422
500,7,7,0.250475892436429,0.558271605240313,0.8,0.891377379619261,0.843220338983051,0.833118279569892,0.806408906353017
