"numMicroClusters","numMacroClusters","numClasses","SSQ","silhouette","precision","recall","F1","purity","cRand"
100,7,4,0.898477875842417,0.511549644942778,0.873642645607108,0.70182394924663,0.778364116094987,0.842062699205556,0.71329127321981
100,7,5,1.36212386544553,0.591766952711091,0.684974747474748,0.955947136563877,0.798087532180949,0.923492063492063,0.724480578139115
100,7,6,0.741609379625691,0.498431125995163,0.493401759530792,0.787134502923977,0.606579540333484,0.659707718092811,0.500514933058702
100,7,8,1.93103636612341,0.4145676033492,0.55360824742268,0.852380952380952,0.67125,0.719935152744483,0.61126041386724
100,7,7,0.750423946096399,0.436980894999479,0.575732217573222,0.77043673012318,0.659003831417625,0.890462519936204,0.570264822900676
