"numMicroClusters","numMacroClusters","numClasses","SSQ","silhouette","precision","recall","F1","purity","cRand"
100,7,4,0.0939910079051322,0.55942624682005,0.906,0.71847739888977,0.801415302963291,0.925714285714286,0.743649040651907
100,7,5,0.144356853335745,0.49587905250338,0.928251121076233,0.729515418502203,0.816970892945239,0.978806907378336,0.770696270731857
100,7,6,0.138471500153019,0.547772020532852,0.863340563991323,0.930994152046784,0.895891952729319,0.931610889110889,0.873156562823342
100,7,8,0.150384235772756,0.710347642804001,0.811813186813187,0.938095238095238,0.87039764359352,0.897412298252634,0.849917826909362
100,7,7,0.195851528499462,0.4766813372488,0.618547681539808,0.791713325867861,0.694499017681729,0.94047619047619,0.616899856435433
