"numMicroClusters","numMacroClusters","numClasses","SSQ","silhouette","precision","recall","F1","purity","cRand"
500,7,4,1.08742983915313,0.430681761738376,0.846782431052094,0.657414750198255,0.740178571428571,0.958152958152958,0.665748613348104
500,7,5,1.51010755178279,0.74675038244712,0.674655482324745,0.992070484581498,0.803138373751783,0.929166666666667,0.729228622647324
500,7,6,0.771923067522828,0.248450936065095,0.510853835021708,0.825730994152047,0.631202503352705,0.761595547309833,0.531138596980688
500,7,8,1.95387693334974,0.388221443528526,0.59469696969697,0.747619047619048,0.662447257383966,0.705542216886755,0.606686332350049
500,7,7,1.04459402593732,0.48414770934207,0.591808873720136,0.970884658454647,0.735368956743002,0.817,0.658907572212143
