"numMicroClusters","numMacroClusters","numClasses","SSQ","silhouette","precision","recall","F1","purity","cRand"
200,3,3,1.34068952269365,0.554383908863609,0.876363636363636,0.88929889298893,0.882783882783883,0.95,0.824817518248175
200,3,3,1.54296613950633,0.499417419418997,0.933374460209747,0.917525773195876,0.925382262996942,0.956989247311828,0.888583878775423
200,3,3,1.95496929738615,0.458843716496338,0.616309461578672,0.709813365442505,0.65976496922216,0.759808325846062,0.469033761767714
200,3,3,1.45463561137348,0.520453848445972,0.881054567749847,0.887584928968499,0.884307692307692,0.943915343915344,0.827767486476897
200,3,3,2.16035719541361,0.423369782309057,0.526438933083762,0.694873378628783,0.599041533546326,0.747126436781609,0.361350184886067
