"numMicroClusters","numMacroClusters","numClasses","SSQ","silhouette","precision","recall","F1","purity","cRand"
100,3,3,1.34048274676689,0.555358751165758,0.896404631322364,0.904674046740467,0.90052035506581,0.957264957264957,0.851524459632096
100,3,3,1.57193404589181,0.499417419418997,0.933374460209747,0.917525773195876,0.925382262996942,0.956989247311828,0.888583878775423
100,3,3,2.13604176163425,0.456224933423525,0.611314824515453,0.70258880192655,0.653781512605042,0.765580331618067,0.459990562941877
100,3,3,1.50302675453354,0.522883125983769,0.900984009840098,0.904879555281038,0.902927580893683,0.953159041394335,0.855595076090768
100,3,3,1.63404974999515,0.480783350103479,0.9211337030191,0.923409512044472,0.922270203578038,0.962962962962963,0.884421085285453
