"numMicroClusters","numMacroClusters","numClasses","SSQ","silhouette","precision","recall","F1","purity","cRand"
100,3,3,1.33507379530442,0.554383908863609,0.876363636363636,0.88929889298893,0.882783882783883,0.95,0.824817518248175
100,3,3,1.60021618394714,0.499417419418997,0.933374460209747,0.917525773195876,0.925382262996942,0.956989247311828,0.888583878775423
100,3,3,1.95846576497057,0.458843716496338,0.616309461578672,0.709813365442505,0.65976496922216,0.759808325846062,0.469033761767714
100,3,3,1.48766540691868,0.522883125983769,0.900984009840098,0.904879555281038,0.902927580893683,0.953159041394335,0.855595076090768
100,3,3,1.63057560943903,0.480783350103479,0.9211337030191,0.923409512044472,0.922270203578038,0.962962962962963,0.884421085285453
